local,dia_semana,hora_dia,eventos_proximos,historico_ocorrencias_7d,iluminacao_ativa_pct,iluminacao_fonte,densidade_pessoas,acao_preventiva_necessaria
Praça Da Rua Elza Leal Wanderley,5,1,0,9,84.0,sintetica,12,0
Largo Visconde De Mauá,6,6,0,4,66.0,sintetica,37,0
Parque Do Forte Do Arraial Novo Do Bom Jesus,3,15,0,8,54.0,sintetica,38,0
Wilma Damasceno,5,20,0,7,51.0,sintetica,97,1
Praça Da Morena,0,18,0,12,74.0,sintetica,45,0
Praça Do Jordão,4,14,0,11,73.0,sintetica,42,0
Praça Jules Rimet,1,21,0,13,95.0,sintetica,31,0
Praça  Zeca Barbosa,1,10,0,2,70.0,sintetica,17,0
Praça Dom Bosco,5,0,0,8,99.0,sintetica,56,0
General Carlos Pinto,6,20,1,9,78.0,sintetica,64,1
Praça Esperança,4,6,0,2,91.0,sintetica,46,0
Sem Nome,6,19,0,9,33.0,sintetica,71,0
Praça Nova Bettis,6,7,0,11,37.0,sintetica,21,0
Praça Raizes,4,9,1,13,74.0,sintetica,29,1
Praça Sebastião Pontes,0,4,0,7,75.0,sintetica,29,0
Praça Do Forte Do Brum,5,8,0,0,68.0,sintetica,13,0
Praça Beira Rio,5,0,1,3,79.0,sintetica,39,0
Macaxeira,2,1,1,3,72.0,sintetica,40,0
Praça Estevão De Sá,5,18,0,5,90.0,sintetica,94,0
Praca General Carlos Pinto,1,13,0,11,25.0,sintetica,24,0
Praça Da Rua Abc,0,19,0,11,89.0,sintetica,47,0
Praça Professor Ageu Magalhães,4,9,1,1,27.0,sintetica,46,0
Praça Do Tourão,5,8,0,6,34.0,sintetica,37,0
Praça Santos Dumont,0,9,1,4,45.0,sintetica,20,0
Praça Parque Amorim,5,5,0,9,58.0,sintetica,23,0
"Praça. Ur 04 Ibura  , Junto Da Capela Nossa Senhora Aparecida Ur 4 Terminal",4,16,0,5,22.0,sintetica,20,0
Praça Da Rua Joaquim De Brito,3,5,0,10,76.0,sintetica,18,0
Praça Da Ong Do Rio - Nova Morada,4,3,0,13,29.0,sintetica,33,0
Praça Dona Carminha & Sr João,4,19,0,5,22.0,sintetica,70,0
Praça Othon Bezerra De Melo,4,2,0,13,65.0,sintetica,47,0
Horta Comunitária De Casa Amarela,5,22,0,13,41.0,sintetica,78,1
Praça Professor Paulo Silveira Do Nascimento,2,18,0,11,86.0,sintetica,50,0
Praça Dezessete,4,17,0,13,84.0,sintetica,46,0
Praça Da Portelinha,1,23,0,10,38.0,sintetica,51,0
Praça Sebastião Pontes,1,3,0,5,81.0,sintetica,41,0
Praça Vila 27 De Abril,0,7,0,9,76.0,sintetica,29,0
Praça Do Jordão,2,16,0,11,95.0,sintetica,23,0
Praça Da Rua Príncipe Da Beira,0,4,1,7,32.0,sintetica,47,0
Praça Otávio De Freitas,1,12,0,9,35.0,sintetica,13,0
Praça Da Rua Cordislândia,6,0,0,3,35.0,sintetica,33,0
Praça Eça De Queiroz,1,12,0,9,71.0,sintetica,41,0
Praça Boco-Moco/Da Ur 5,3,3,0,7,60.0,sintetica,19,0
Praça Dr Fernando Figueira,4,21,0,8,67.0,sintetica,75,0
Praça Adulccio Júnior,6,23,1,12,58.0,sintetica,93,1
Praça Cívica,1,13,1,12,32.0,sintetica,48,1
Praça Ayrton Senna,5,2,0,3,23.0,sintetica,41,0
Praça Do Salgueiro,5,4,0,0,62.0,sintetica,27,0
Pinto Damásio,0,6,0,2,65.0,sintetica,34,0
Praça De Casa Forte,6,0,0,0,66.0,sintetica,16,0
Fabiano Da Jora,0,22,0,6,72.0,sintetica,56,0
Praça Da Rua Água Preta,4,11,0,11,44.0,sintetica,27,1
Centro Social Bidu Krause,4,10,0,0,60.0,sintetica,56,0
Praça Largo De Monte Verde,3,23,1,10,22.0,sintetica,27,1
Praça Da Rua Cordislândia,2,7,0,3,96.0,sintetica,12,0
Praça Selecao 70,0,5,0,12,32.0,sintetica,10,0
Praça Augusto Rodrigues,4,21,0,13,37.0,sintetica,72,0
Praça Da Rua Rosa M. De Melo,0,1,1,0,56.0,sintetica,16,0
Praça Joca Leal,4,18,0,12,62.0,sintetica,83,0
Largo Da Encruzilhada,1,19,0,12,53.0,sintetica,53,0
Praça Queira Deus,0,19,0,1,74.0,sintetica,17,0
Praça Governador Paulo Guerra,1,23,0,10,71.0,sintetica,41,0
Travessa Tiradentes,0,13,0,14,55.0,sintetica,32,1
Parque Do Forte Do Arraial Novo Do Bom Jesus,2,0,0,13,73.0,sintetica,26,0
Praça Do Caxanga,3,9,0,0,78.0,sintetica,23,0
Praça Arari Ferreira Fonseca,5,15,0,12,71.0,sintetica,26,0
Praça Rio Branco,5,3,1,4,38.0,sintetica,34,0
Praça Da Av. Do Forte,5,10,0,6,31.0,sintetica,30,0
Praça Domingos Giovanetti,1,15,0,2,30.0,sintetica,15,1
Praça Palminha / Próximo Ao Núcleo Policial / Padaria Flor Do Ibura,6,19,0,13,67.0,sintetica,99,0
Av Manoel Gonsalves Da Luz,4,0,0,7,98.0,sintetica,58,1
Praça Zeppelin,5,15,0,13,35.0,sintetica,29,0
Praça Ponte D`Uchoa,2,18,1,14,90.0,sintetica,35,1
Praça Deputado Fabio Correa,5,20,1,4,66.0,sintetica,76,0
Praça Todos Os Santos,0,21,0,4,86.0,sintetica,17,0
Praça Movicar,1,8,0,12,50.0,sintetica,54,0
Praça Mercado Municipal Da Ur-5,6,8,0,4,95.0,sintetica,57,0
Praça Josen Demery Carneiro,0,8,0,7,27.0,sintetica,53,0
Praça Alto Da Serrinha,6,16,0,1,80.0,sintetica,38,0
Praça Beira Rio,0,11,0,1,63.0,sintetica,26,0
Praça Pedro Brandão,0,12,1,14,69.0,sintetica,27,1
Praça Agamenon Magalhães,3,7,0,13,54.0,sintetica,49,0
Praça Da Juventude,3,15,0,11,95.0,sintetica,27,0
Praça Da Mentira,4,17,1,7,80.0,sintetica,20,0
Peixinhos,1,0,0,8,74.0,sintetica,54,0
Praça Santa Lucia,2,0,0,10,85.0,sintetica,21,0
Praça Barão Da Soledade,2,11,0,11,33.0,sintetica,24,0
Praça Francisco Apolônio Jorge Sales,2,5,0,9,23.0,sintetica,35,0
Praça Filonila Ferreira,0,8,1,9,36.0,sintetica,12,1
Praça Desenhista Eulino Santos,3,22,1,1,88.0,sintetica,12,0
Praça Da Restauração,1,4,1,3,43.0,sintetica,47,0
Praça Todos Os Santos,0,15,1,7,68.0,sintetica,44,0
Praça Do Pirulito,6,17,0,1,74.0,sintetica,18,0
Praça Da Mauricéia,3,16,1,3,90.0,sintetica,52,0
Praça Da Paz,3,17,1,9,42.0,sintetica,49,1
Rua Maria Adelaide Castelo Branco,5,0,0,12,31.0,sintetica,13,0
Praça Da Criança Alexandra Vilma Dias,5,18,0,12,30.0,sintetica,91,1
Praça Largo Dona Regina,1,21,0,0,94.0,sintetica,24,0
Praça Cais Edgar Amorim,6,7,0,1,48.0,sintetica,38,0
Praça Da Rua Riacho Doce,1,2,0,6,81.0,sintetica,14,0
Aritana,1,4,1,0,72.0,sintetica,48,0
Praça Arari Ferreira Fonseca,0,22,1,11,67.0,sintetica,49,1
Praça Professor Jeronimo Gueiros,4,7,0,0,85.0,sintetica,16,0
Praça A.B.C (Abc),1,18,0,1,67.0,sintetica,17,0
Praça Largo Dona Regina,5,17,1,3,78.0,sintetica,41,0
Praça São Benedito Pereira Dos Santos,4,17,0,6,90.0,sintetica,45,0
Praça Do Caiara,0,20,0,3,76.0,sintetica,42,0
Praça Franco Gomes Coutinho,4,0,0,4,95.0,sintetica,46,0
Praça Mercado Municipal Da Ur-5,2,14,1,3,22.0,sintetica,41,0
Praça Da Biblia,6,17,1,3,51.0,sintetica,52,0
Parque Sítio Da Trindade/Arraial V. Do Bom Jesus,4,6,0,8,27.0,sintetica,45,0
Praça Cosme Viana,1,15,0,14,49.0,sintetica,43,0
Praça Aleixo De Oliveira,0,15,1,5,34.0,sintetica,58,0
Praça Vila 27 De Abril,6,14,0,11,93.0,sintetica,34,0
Praça Cais Edgar Amorim,1,5,0,2,74.0,sintetica,53,0
Praça Da Restauração,6,8,0,5,57.0,sintetica,41,0
Praça Maria Da Conceição,5,6,0,12,34.0,sintetica,11,0
Praça Da Convenção,2,13,0,6,49.0,sintetica,18,0
Praça Raul Soares,5,10,0,6,65.0,sintetica,47,1
Área Central Da Avenida José Américo De Almeida,1,20,1,7,83.0,sintetica,38,0
Praça Encanta Moça/Posto Policial,1,15,0,12,45.0,sintetica,47,0
Praça Da Cavalaria,1,5,1,3,97.0,sintetica,27,0
Trevo Da Ur2,3,21,1,0,86.0,sintetica,31,0
Praça Do Pirulito,2,15,0,5,55.0,sintetica,44,0
Praça Cívica,6,19,0,7,97.0,sintetica,84,0
General Carlos Pinto,1,15,0,4,50.0,sintetica,16,0
Prc Senhor Bartolomeu,1,11,0,12,97.0,sintetica,22,0
Praça Rodrigo Cebola,6,16,0,2,59.0,sintetica,51,0
Praca Do Monteiro,5,4,0,3,93.0,sintetica,45,0
Praça Da Restauração,5,12,0,7,92.0,sintetica,25,0
Praça Professor Paulo Silveira Do Nascimento,1,7,0,5,65.0,sintetica,50,0
Praça Da Igreja Nossa Senhora De Fatima,0,23,1,12,61.0,sintetica,30,1
Praça Compositor Antônio Maria,3,4,0,14,37.0,sintetica,37,0
Praça Luiz Albacora,5,11,0,12,55.0,sintetica,19,0
Arlindo Gouveia,0,8,0,4,95.0,sintetica,28,0
Praça Machado De Assis,3,2,1,12,69.0,sintetica,26,1
Praça Onze De Junho,1,2,0,8,80.0,sintetica,10,0
Praça Do Caxanga,2,0,0,9,59.0,sintetica,22,0
José Carlos Ferreira,4,21,0,2,22.0,sintetica,62,0
Praça Do Entrocamento,4,17,0,6,26.0,sintetica,56,0
Praça Da Igreja Nossa Senhora De Fatima,1,23,1,8,50.0,sintetica,51,0
Praça Da Avenida Engenheiro Abdias De Carvalho,5,11,0,10,84.0,sintetica,29,0
Parque Jonathan Marques Da Cunha,0,8,0,12,83.0,sintetica,50,0
Praça Agamenon Magalhães,2,8,0,10,96.0,sintetica,49,0
Praça Dom Vital,6,17,1,11,22.0,sintetica,15,1
Praça Clotilde Machado,3,17,0,3,54.0,sintetica,32,0
Praça Chão De Estrelas,1,6,1,9,34.0,sintetica,51,1
Parque Da Tamarineira,2,3,0,9,40.0,sintetica,33,0
Praça João Miguel De Souza Junior,2,12,0,2,81.0,sintetica,58,0
Praça Farias Neves,5,16,0,0,47.0,sintetica,14,0
Praca General Carlos Pinto,3,23,0,8,23.0,sintetica,41,0
Praça Castro Alves,2,1,0,12,32.0,sintetica,55,0
Praça Clotilde Machado,5,13,1,0,98.0,sintetica,26,0
Praça Largo De Monte Verde,0,2,0,1,70.0,sintetica,20,0
Praça Clotilde Machado,5,4,1,8,67.0,sintetica,36,0
Praça Selecao 70,0,13,0,4,58.0,sintetica,13,0
Praça Nossa Senhora De Fátima,0,2,0,3,86.0,sintetica,32,0
Praça Da Igreja Nossa Senhora De Fatima,6,22,1,8,77.0,sintetica,86,0
Praça Compositor Antônio Maria,6,6,0,8,21.0,sintetica,58,0
Praça Vila Do Moinho Recife,2,17,0,1,44.0,sintetica,43,0
Praça João Stanislau,5,12,1,2,30.0,sintetica,30,1
Praça Palminha / Próximo Ao Núcleo Policial / Padaria Flor Do Ibura,6,22,0,11,20.0,sintetica,98,1
Espaço Colaborativo,0,21,0,2,67.0,sintetica,10,0
Praça Joaquim Nabuco,6,9,1,4,67.0,sintetica,41,0
Praça Dr Lula Cabral De Melo,3,12,0,12,29.0,sintetica,37,0
Praça Isabel Cabral,2,15,1,2,49.0,sintetica,27,0
Praça Campo De Pelada Carlos Rios,5,8,0,9,54.0,sintetica,16,0
Praça Industrial Miguel Santos,5,1,0,5,38.0,sintetica,47,0
Praça Virgilio De Oliveira,4,22,0,1,72.0,sintetica,73,0
Campo Do 15,5,4,0,5,53.0,sintetica,23,0
Praça Olavo Bilac,2,21,0,5,51.0,sintetica,39,0
Praça Do El Salvador,3,16,1,1,95.0,sintetica,53,0
Praça Othon Bezerra De Melo,5,22,0,5,25.0,sintetica,94,1
Praça Do Heróis Da Restauração,4,21,0,5,32.0,sintetica,80,1
Praça Da Paz,2,3,0,5,94.0,sintetica,53,0
Praça Jardim Uchôa,0,16,0,11,83.0,sintetica,50,0
Pracinha Da Estação Do Barro,1,8,0,12,26.0,sintetica,18,0
Praça Odília Freire Dos Santos,1,19,0,13,64.0,sintetica,40,0
Tertuliano Feitosa,0,1,0,4,64.0,sintetica,11,0
Praça Dona Elizabeth,6,23,0,6,84.0,sintetica,72,0
Praça Vila Do Moinho Recife,5,17,0,12,38.0,sintetica,14,0
Praça Adulccio Júnior,1,20,0,14,66.0,sintetica,35,0
Praça Othon Bezerra De Melo,6,21,0,11,65.0,sintetica,98,1
Praça Fernando Galvão,1,10,0,4,48.0,sintetica,21,0
Praça Mercia De Albuquerque,0,12,0,10,80.0,sintetica,23,0
Praça Alberico Glasner Da Rocha,5,7,1,0,84.0,sintetica,22,0
Praça Da Avenida Da Recuperação,5,0,1,11,42.0,sintetica,44,1
Praça Domingos Giovanetti,6,16,0,8,70.0,sintetica,56,0
Praca Do Monteiro,0,11,0,2,82.0,sintetica,24,0
Praça Da Vtiória,6,3,1,1,41.0,sintetica,44,1
Praça Memorial Arco Verde,5,20,0,9,90.0,sintetica,75,0
Praça Jenner De Souza,5,12,0,5,52.0,sintetica,24,0
Praça Da República,2,8,0,7,63.0,sintetica,17,0
Praça Do Heróis Da Restauração,6,6,0,1,26.0,sintetica,32,0
Praça Adulccio Júnior,2,22,0,3,21.0,sintetica,22,0
Praça Selecao 70,0,23,0,1,36.0,sintetica,32,0
Praça Angélica,3,4,0,11,84.0,sintetica,40,0
Praça Josenildo Paes Barreto,1,4,0,11,77.0,sintetica,39,0
Praça Da Rua João Rique. Iputinga Recife,2,16,1,8,49.0,sintetica,51,0
Pracinha De Boa Viagem,1,8,0,9,45.0,sintetica,11,0
Praça Encanta Moça/Posto Policial,4,5,0,12,54.0,sintetica,20,0
Praça Circular Do Alto Jordão,0,18,0,14,82.0,sintetica,34,0
Praça Dom Vital,3,15,0,1,94.0,sintetica,38,0
Praça Da Rua Riacho Doce,4,20,0,9,90.0,sintetica,77,0
Praça Padre Romano Zuferey,4,1,0,1,47.0,sintetica,28,0
Praça Sebastião Pontes,5,9,0,13,44.0,sintetica,18,0
Praça Sabere,4,15,0,12,80.0,sintetica,50,0
Praça São Braz,0,4,0,4,50.0,sintetica,47,1
Praça Lins Do Rego/Dos Brotos,2,14,0,11,73.0,sintetica,38,0
Praça Da Rua Do Campo,0,12,0,4,86.0,sintetica,19,0
Praça Luiz De Lacerda,2,12,0,11,70.0,sintetica,31,0
Praça Da Rua Caxangá Agape,4,12,0,6,77.0,sintetica,33,0
Mariazinha,4,14,0,0,53.0,sintetica,17,0
Praça Josenildo Paes Barreto,3,13,0,11,78.0,sintetica,56,0
Praça Maurício De Nassau E Duarte Coelho,2,7,0,1,40.0,sintetica,15,0
Praça Da Rua Clotilde De Machado I E Ii,4,10,0,10,75.0,sintetica,16,0
Praça Farias Neves,5,17,0,10,56.0,sintetica,29,0
Praca Do Monteiro,1,23,1,5,83.0,sintetica,26,0
Praça Da Rua Riacho Doce,3,3,1,1,38.0,sintetica,45,0
Praça Lagoa Do Araça,0,9,0,3,97.0,sintetica,17,1
Praça Domingos Giovanetti,3,0,0,9,93.0,sintetica,22,0
Praça Professor Abdgar Soriano,1,4,0,5,72.0,sintetica,33,1
Praça Do Tourão,2,12,0,12,90.0,sintetica,55,0
Praça São Benedito Pereira Dos Santos,0,0,0,11,82.0,sintetica,59,1
Praça Professor Ageu Magalhães,0,22,0,6,81.0,sintetica,40,0
Praça Jacarezinho,2,7,0,9,91.0,sintetica,32,0
Praça Santa Lucia,6,2,0,4,96.0,sintetica,26,0
Praça Da Mauricéia,6,2,0,7,38.0,sintetica,59,0
Praça Infantil John F. Kennedy,3,6,0,5,94.0,sintetica,55,0
Praça Virgilio De Oliveira,4,3,0,4,21.0,sintetica,33,0
Rua Maria Adelaide Castelo Branco,6,2,0,3,25.0,sintetica,52,0
Praça Santos Dumont,3,14,0,5,48.0,sintetica,19,0
Praça Antônio Luiz,6,7,0,5,60.0,sintetica,40,0
Praça Brasilit,1,2,0,5,70.0,sintetica,54,0
"Praça. Ur 04 Ibura  , Junto Da Capela Nossa Senhora Aparecida Ur 4 Terminal",5,6,0,0,24.0,sintetica,29,0
Praça Do S,4,17,0,5,60.0,sintetica,25,0
Praca Arlindo Araujo Filho,3,10,0,0,81.0,sintetica,23,0
Praça Frei Cassimiro,5,10,0,4,49.0,sintetica,12,0
Praça Das Flores,5,16,0,6,81.0,sintetica,39,1
Arlindo Gouveia,6,5,0,0,46.0,sintetica,27,0
Academia Da Cidade,2,7,0,12,69.0,sintetica,15,1
Praça Clube Sargento Wolf,1,0,1,0,71.0,sintetica,29,0
Praça Professor Ageu Magalhães,1,9,0,12,68.0,sintetica,44,0
José Mora De Silveira,1,18,0,12,81.0,sintetica,28,0
Praça Vinte De Julho,4,2,0,14,79.0,sintetica,35,0
Praça Da Rua João Rique. Iputinga Recife,0,3,1,5,99.0,sintetica,44,0
Praça Sementes Do Amanhã,4,10,0,14,73.0,sintetica,21,0
Aritana,3,14,0,6,24.0,sintetica,17,0
Praça Da Rua Abc,5,0,0,5,28.0,sintetica,46,0
Praça José Maria Do Nascimento Paraíba/Lixão,5,8,1,4,53.0,sintetica,58,0
Praça Do Vasco Da Gama,0,10,0,5,55.0,sintetica,19,0
Praça Monteiro Lobato,3,18,0,12,39.0,sintetica,30,0
Praça Da Travessa José Leite,0,12,0,13,82.0,sintetica,58,0
Praça Nossa Senhora De Fátima,5,15,0,2,86.0,sintetica,50,0
Vila.Das Lavadeiras,6,3,1,8,49.0,sintetica,54,0
Praça Joca Leal,4,0,0,14,88.0,sintetica,51,0
Praça Da Lagoa Encantada,1,19,0,4,89.0,sintetica,38,1
Praça Nova Bettis,5,12,1,1,22.0,sintetica,40,0
Praça Do Cajueiro,2,0,1,13,68.0,sintetica,49,1
Praça Da Rua Riacho Doce,1,4,0,13,61.0,sintetica,16,0
Pracinha De Boa Viagem,5,4,0,11,43.0,sintetica,43,0
Praça Olavo Bilac,4,13,1,9,63.0,sintetica,43,1
Praça Dona Elizabeth,0,22,0,9,20.0,sintetica,39,0
Praça Chão De Estrelas,6,13,1,6,73.0,sintetica,13,0
Praça Da Esperança,6,7,1,2,71.0,sintetica,50,0
Praça Astério Rufino Alves,1,3,0,0,55.0,sintetica,39,0
Praça Da Rua Riacho Doce,4,6,1,2,98.0,sintetica,34,0
Praça Da Rua Itacambira,6,19,0,8,57.0,sintetica,96,1
Praça Do Largo Da Ponte Do Motocolombo,6,18,0,4,63.0,sintetica,74,0
Praça Da Rua Joaquim De Brito,3,14,0,6,66.0,sintetica,52,0
Praça Do Tourão,2,21,1,2,48.0,sintetica,40,0
Praça Ascenço Ferreira,1,3,0,3,70.0,sintetica,48,0
Praça Do Entroncamento,0,18,0,0,60.0,sintetica,37,0
Praça Das Criancas,6,8,1,2,83.0,sintetica,34,0
Vila Boas Travassos,3,20,0,6,67.0,sintetica,28,0
Praça Do Entroncamento,4,12,0,3,96.0,sintetica,13,0
Praça Via Mangue,6,13,1,14,41.0,sintetica,43,1
Praça José Cicílio,2,22,0,1,36.0,sintetica,41,0
Praça Desenhista Eulino Santos,0,13,1,13,24.0,sintetica,34,1
Praca General Carlos Pinto,4,21,1,4,80.0,sintetica,61,0
Mariazinha,4,9,0,14,25.0,sintetica,37,0
Praça Do Caiara,1,15,0,4,72.0,sintetica,27,0
Praça Do Quinze,6,4,0,14,36.0,sintetica,16,0
Praça São Pedro,1,22,0,1,78.0,sintetica,20,0
Praça  João Maurício Campos,0,5,0,14,58.0,sintetica,51,0
Praça Joca Leal,6,1,0,14,73.0,sintetica,20,0
Praça Prof João Borba Maranhão,5,12,0,10,67.0,sintetica,18,0
Praça Poço Da Panela,6,12,0,5,56.0,sintetica,44,0
Área Central Da Avenida José Américo De Almeida,5,18,0,9,67.0,sintetica,65,0
Prc Senhor Bartolomeu,4,17,0,3,87.0,sintetica,32,0
Praça Raul Soares,1,18,0,13,97.0,sintetica,42,0
Praça Da Ur5 Ibura,2,0,0,0,96.0,sintetica,10,0
Praça Dos Pneus,6,7,0,2,46.0,sintetica,29,0
Praça Do Vasco Da Gama,2,21,0,13,46.0,sintetica,14,0
Vila Do Moinho,6,15,0,8,91.0,sintetica,38,0
Praça Do Lixo Ao Luxo,4,1,1,9,82.0,sintetica,35,1
Praça Sena Vila Cardeal E Silva - Areias,1,7,0,6,71.0,sintetica,47,0
Praça Ayrton Senna,0,5,0,12,66.0,sintetica,12,0
Praça Santa Eufrásia,0,15,0,5,40.0,sintetica,30,0
Praça João Felipe Santiago,0,22,0,13,76.0,sintetica,22,0
Praça Professor Paulo Silveira Do Nascimento,6,10,0,0,94.0,sintetica,40,0
Thomaz Lobo,6,16,0,8,61.0,sintetica,26,0
Praça Do Terminal,2,22,0,12,67.0,sintetica,44,0
Praça Parque Amorim,1,18,0,8,46.0,sintetica,32,0
Praça Henrique Café,6,10,1,0,91.0,sintetica,12,0
Praça Do Cacique - Invadida Por Moradores E Comerciantes Da Área,1,7,0,13,52.0,sintetica,54,0
Praça Lins Do Rego/Dos Brotos,2,21,0,12,95.0,sintetica,11,0
Praça Doutor Jose De Melo,6,3,1,12,54.0,sintetica,12,1
Praça Dom Diogo Camarao,0,10,0,14,35.0,sintetica,29,0
Praça Palminha / Próximo Ao Núcleo Policial / Padaria Flor Do Ibura,0,7,0,5,55.0,sintetica,57,0
Praça Professor Jeronimo Gueiros,4,8,0,6,85.0,sintetica,53,0
Praça Da Rua Elza Leal Wanderley,5,1,0,1,95.0,sintetica,18,0
Praça Do Jardim São Paulo,3,15,0,9,75.0,sintetica,57,0
Praça Professor Coelho De Almeida,5,5,0,7,36.0,sintetica,13,0
Praça Faca Cega,6,20,0,7,39.0,sintetica,66,0
Praça Dr Adolfo Cirne,1,20,0,5,27.0,sintetica,59,0
Praça Batista Da Silva,6,18,0,8,37.0,sintetica,62,0
Praça Da Rua Rosa M. De Melo,1,7,0,2,37.0,sintetica,48,0
Praça Da Rua Do Campo,1,13,0,1,37.0,sintetica,21,0
Praça Da Rua José Fernandes Portugal,5,23,0,1,21.0,sintetica,87,1
Praça Adulccio Júnior,3,15,0,5,95.0,sintetica,49,0
Praça Silva Jardim,4,11,0,6,91.0,sintetica,33,0
Jardim América,5,4,0,5,70.0,sintetica,18,0
Praça Cafesopolis,3,23,0,10,29.0,sintetica,55,0
Praça Do Caiara,0,23,0,2,94.0,sintetica,29,0
Praça Da Rua José Fernandes Portugal,0,18,0,4,33.0,sintetica,14,0
Praça Rádio Capibaribe,1,17,0,7,45.0,sintetica,29,0
Praça Aleixo De Oliveira,2,8,0,5,66.0,sintetica,30,0
Praça La Coruna,6,1,0,1,49.0,sintetica,11,1
Praça Do Trabalho,6,19,0,14,75.0,sintetica,99,0
Praça Noel Rodrigues,1,11,0,6,61.0,sintetica,51,0
Praça Do Internacional,2,1,0,7,23.0,sintetica,33,0
Praça João Vinte E Três,3,9,0,3,30.0,sintetica,18,0
Eudoro Correia,0,0,1,11,43.0,sintetica,48,1
Praça Joaquim Nabuco,6,3,0,0,86.0,sintetica,39,0
Praça Da Comunidade,5,11,0,1,56.0,sintetica,27,0
Praça Alfredo Pinto,2,8,1,3,21.0,sintetica,53,0
Praça Neta Araujo,3,3,0,6,31.0,sintetica,52,0
Trevo Da Ur2,0,8,0,1,40.0,sintetica,19,0
Arnaldo Assunção,5,5,0,5,88.0,sintetica,54,0
Praça Nossa Senhora De Fátima,2,0,0,1,90.0,sintetica,50,0
15 De Setembro,1,9,0,11,83.0,sintetica,57,0
Praça Faca Cega,1,13,0,6,87.0,sintetica,30,0
Praça Das 3 Igrejas,1,21,0,1,62.0,sintetica,31,0
Praça Da Rua João Rique. Iputinga Recife,6,17,0,2,73.0,sintetica,26,0
Praça Maria Madalena Bispo,3,5,0,8,81.0,sintetica,14,0
Praça A.B.C (Abc),1,17,0,12,92.0,sintetica,15,0
Praça Silva Jardim,6,19,1,14,31.0,sintetica,69,1
José Vilela,4,15,0,3,20.0,sintetica,52,0
Praça Márcio Alves,6,14,1,13,91.0,sintetica,11,0
Praça Da Avenida Da Recuperação,0,15,0,4,52.0,sintetica,16,0
Praça Francisco Apolônio Jorge Sales,6,7,0,8,83.0,sintetica,55,0
Praça Josenildo Paes Barreto,3,12,0,6,87.0,sintetica,13,1
Parque Exposição Do Cordeiro,5,22,0,7,33.0,sintetica,84,1
Praça Da Igreja,6,10,1,14,33.0,sintetica,28,1
Praça Tobias Vitorino Da Silva,1,6,1,10,28.0,sintetica,37,1
Praça Raizes,0,16,0,2,92.0,sintetica,29,0
Praça Adalberto Aguiar,2,17,0,10,45.0,sintetica,39,0
Praça Irmã Douraci,1,21,0,10,68.0,sintetica,51,0
Parque Da Tamarineira,0,22,1,3,36.0,sintetica,47,0
Praça Paulo Freire,4,18,0,6,87.0,sintetica,74,0
Praça Sementes Do Amanhã,2,12,0,3,79.0,sintetica,12,0
Praça Da  Boa Viagem,4,14,0,1,22.0,sintetica,56,0
Praça São José Dos Manguinhos,5,22,0,13,44.0,sintetica,72,0
Praça Chico Science,0,21,1,9,40.0,sintetica,58,1
Praça Chão De Estrelas,4,21,0,5,31.0,sintetica,81,1
Praça Encanta Moça/Posto Policial,5,0,0,8,73.0,sintetica,34,0
Praça Da Ong Do Rio - Nova Morada,0,15,0,1,20.0,sintetica,11,0
Praça Ponte D`Uchoa,0,4,0,0,20.0,sintetica,48,0
Praça Canavial,4,2,0,7,64.0,sintetica,24,0
Praça Professor Doutor Antônio Figueira,0,22,0,0,65.0,sintetica,12,0
Praça João Miguel De Souza Junior,1,9,0,0,67.0,sintetica,14,0
Praça São Francisco De Assis,0,18,1,2,26.0,sintetica,49,0
Praça Izabel De Goes,3,4,0,4,29.0,sintetica,45,0
Praça Cristo Rei,5,6,0,12,34.0,sintetica,59,0
Arnaldo Assunção,0,13,0,11,59.0,sintetica,49,0
Praça Morena Ramos,3,2,0,8,30.0,sintetica,47,0
Praca Da Ur6,0,12,0,10,75.0,sintetica,46,0
Praça Da Esperança,0,12,1,9,65.0,sintetica,36,1
Praça Da Rua Joaquim De Brito,4,9,0,1,64.0,sintetica,14,0
Peixinhos,1,1,0,11,32.0,sintetica,26,0
Praça Da Rua Água Preta,5,5,0,11,46.0,sintetica,47,0
Praça Da Rua Guarabira,1,7,0,0,69.0,sintetica,54,0
Praça Manuel Markman,2,3,0,0,80.0,sintetica,50,0
Praça Cidade Do Porto,4,11,0,7,32.0,sintetica,21,0
Praça Do Jardim São Paulo,4,14,0,9,31.0,sintetica,51,0
Praça Da Conceição,1,7,0,9,48.0,sintetica,40,0
Praça Deputado Fabio Correa,6,6,0,9,39.0,sintetica,42,0
Praça Dalva De Oliveira,4,13,0,1,50.0,sintetica,52,0
Praça Do Moinhos,1,22,0,12,27.0,sintetica,38,0
Praça Marcelino Champagnat,4,18,0,8,43.0,sintetica,80,1
Praça Luiz De Lacerda,0,13,0,8,94.0,sintetica,12,0
Praça Professor Ageu Magalhães,1,21,1,1,58.0,sintetica,47,0
Praça Arco Íris,1,12,0,2,52.0,sintetica,50,0
Praça Nova Esperança,3,20,0,1,61.0,sintetica,49,0
Praça Da Rua Abc,4,0,0,5,34.0,sintetica,39,0
Praça Da Rua Riacho Doce,4,18,1,14,87.0,sintetica,61,1
Praça De Dona Vilma,1,0,1,6,84.0,sintetica,31,0
Praça Aleixo De Oliveira,0,3,0,11,51.0,sintetica,47,0
Praça Professor Paulo Silveira Do Nascimento,0,9,0,5,30.0,sintetica,41,0
Pracinha De Boa Viagem,5,2,1,2,56.0,sintetica,52,0
Praça Engenho Massangana,0,19,0,11,38.0,sintetica,19,0
Área Central Da Avenida José Américo De Almeida,4,8,0,14,70.0,sintetica,41,0
Parque Doutor Arnaldo Assunção,6,2,1,2,53.0,sintetica,52,0
Av Manoel Gonsalves Da Luz,3,5,0,11,90.0,sintetica,13,0
Praça Quartel General,1,5,0,1,79.0,sintetica,38,0
Praça Do Escorrego,2,22,1,1,72.0,sintetica,54,0
Praça Henrique Café,3,11,0,10,31.0,sintetica,17,0
Praça Morena Ramos,6,22,0,11,81.0,sintetica,94,0
Praça Geraldo Vilas Boas,2,0,0,4,85.0,sintetica,56,0
Praça Abelardo Baltar,3,15,0,10,67.0,sintetica,16,0
Praça Barão De Caiara,0,23,0,10,59.0,sintetica,10,0
Pra Eudora,4,4,0,7,43.0,sintetica,34,0
Praça Dom Vital,6,8,0,5,69.0,sintetica,35,0
Praça Da Comunidade,2,9,1,8,87.0,sintetica,18,0
Praça Chora Menino,6,12,0,10,62.0,sintetica,32,0
Pinto Damásio,3,14,0,4,36.0,sintetica,49,0
Praça Beatriz Pereira Carneiro,4,11,0,9,74.0,sintetica,11,0
Prc Senhor Bartolomeu,6,4,0,3,53.0,sintetica,35,0
Praça Do Salgueiro,2,4,0,8,89.0,sintetica,23,0
Praça Do Heróis Da Restauração,1,17,1,11,79.0,sintetica,53,1
15 De Setembro,3,11,0,9,70.0,sintetica,40,0
Praça Da Rua Riacho Doce,1,2,0,10,96.0,sintetica,35,0
Praça Barão De Caiara,0,6,0,13,92.0,sintetica,58,0
Praça Campo Do Lagoão,1,16,0,4,54.0,sintetica,28,0
Largo Do Holandes,1,18,0,0,53.0,sintetica,47,0
Praça Avenida Professor José Dos Anjos,5,17,0,4,35.0,sintetica,14,0
Praça Da Vtiória,3,0,0,14,37.0,sintetica,15,1
Praça Do Heróis Da Restauração,0,23,1,4,57.0,sintetica,44,0
Praça  João Maurício Campos,1,4,0,4,62.0,sintetica,25,0
Praça 3º Jardim De Boa Viagem,4,1,0,12,51.0,sintetica,40,1
Praça Maria Sampaio Lucena,2,0,0,1,26.0,sintetica,27,0
Praça Das Lolitas,1,6,0,12,65.0,sintetica,23,0
Praça São Benedito Pereira Dos Santos,0,10,0,5,80.0,sintetica,34,0
Praça Irmã Douraci,1,10,0,4,37.0,sintetica,24,0
Praça Herois Da Restauração /Do Buraco,2,17,0,1,90.0,sintetica,35,0
Praça Professor Abdgar Soriano,0,16,1,11,59.0,sintetica,45,1
Praça Dom Bosco,3,1,0,9,97.0,sintetica,20,0
Praça Miguel De Cervantes,0,6,0,14,69.0,sintetica,46,0
Praça Circular Do Alto Jordão,3,6,1,14,24.0,sintetica,50,1
Praça Da Rua Junqueira Freire,0,9,0,13,73.0,sintetica,46,0
Macaxeira,6,21,0,7,77.0,sintetica,85,0
Praça Da Rua Joaquim De Brito,2,20,1,5,41.0,sintetica,27,0
Praca Arlindo Araujo Filho,2,2,0,10,93.0,sintetica,59,0
Praça Alice De Albuquerque,0,11,0,9,98.0,sintetica,29,0
Praça Professor Rutilho,6,2,0,11,57.0,sintetica,11,0
Praça Izabel De Goes,1,10,0,10,68.0,sintetica,35,1
Prc   Rua Augusto Bamberg De Melo,2,11,0,2,20.0,sintetica,32,0
Praça Do Caiara,3,3,0,8,97.0,sintetica,41,0
Praça Joaquim Cardoso/Da Biblioteca,3,15,0,12,55.0,sintetica,22,0
Praça Do Alto Da Serrinha,4,19,0,10,47.0,sintetica,92,1
Praça Da Rua Sargento Rubens Leite,5,17,0,10,54.0,sintetica,26,0
Praça Da Rua José Rodrigues,6,3,1,13,79.0,sintetica,34,1
Praça Da Rua Caxangá Agape,5,21,1,3,81.0,sintetica,87,0
Superintendente João Gonçalves De Souza,5,5,0,2,65.0,sintetica,36,0
Largo Dom Luiz,3,20,1,6,98.0,sintetica,26,0
Praça Frei Cassimiro,4,14,0,11,80.0,sintetica,35,0
Praça Henrique Café,5,0,0,12,84.0,sintetica,47,0
Praça Sitio Grande,5,2,0,14,45.0,sintetica,23,0
Praça Othon Bezerra De Melo,0,4,0,13,54.0,sintetica,23,0
Praça Márcio Codonga,0,21,1,7,76.0,sintetica,21,0
Av Manoel Gonsalves Da Luz,0,16,0,6,98.0,sintetica,14,0
Praça João Pereira Borges,1,13,0,0,82.0,sintetica,46,1
Praça Doutor Pádua Walfrido,5,8,0,0,23.0,sintetica,13,0
Amante  Das Flores,1,2,0,12,98.0,sintetica,38,0
Praça Rio Branco,4,12,0,4,61.0,sintetica,34,0
Praça Memorial Arco Verde,6,2,1,14,64.0,sintetica,54,1
Pra Eudora,3,10,0,13,58.0,sintetica,13,0
A Praça É Nossa,5,1,0,7,84.0,sintetica,59,0
Praça Da Rua Príncipe Da Beira,3,23,0,13,41.0,sintetica,25,0
Praça General Euler Bentes/Da Sudene,6,14,0,9,30.0,sintetica,59,0
Praça Semente Do Amanhã,0,12,0,10,56.0,sintetica,11,0
Praça  João Maurício Campos,5,18,0,2,70.0,sintetica,63,0
Praça Marcantônio Vilaça,2,21,0,7,77.0,sintetica,13,0
Praça  De Campo Grande - Eudoro,1,15,0,2,96.0,sintetica,29,0
Praça Da Rua Arquiteto Luiz Nunes,1,17,1,3,26.0,sintetica,26,0
Praça Nossa Senhora De Fátima,5,6,0,9,27.0,sintetica,15,0
Praça Da Rua José Fernandes Portugal,6,12,0,6,70.0,sintetica,27,0
Horta Comunitária De Casa Amarela,0,3,1,2,42.0,sintetica,29,0
Praça Do Caxanga,1,8,0,3,28.0,sintetica,48,0
Praça Thiago Pepeta,0,9,0,7,65.0,sintetica,54,0
Praça De Boa Viagem,4,8,0,3,57.0,sintetica,50,0
Praça Castro Alves,3,6,0,8,32.0,sintetica,43,1
Praça Rodrigo Cebola,6,14,0,3,26.0,sintetica,49,0
Praça Professor Paulo Silveira Do Nascimento,2,7,0,12,30.0,sintetica,55,0
Praça Da Portelinha,3,18,1,13,93.0,sintetica,33,1
Praça Do Largo Da Ponte Do Motocolombo,3,10,1,3,69.0,sintetica,27,0
Praça Novaes Filho,4,4,0,12,86.0,sintetica,39,0
Praça Engenho Massangana,1,1,0,4,60.0,sintetica,10,0
Praça Do Amor,2,9,1,0,48.0,sintetica,32,0
Jardim América,1,15,0,6,56.0,sintetica,38,0
Praça Do Terço,5,22,0,8,75.0,sintetica,86,0
Praça Da Rua José Fernandes Portugal,3,12,0,11,99.0,sintetica,50,0
Praça Da Rua Arquiteto Luiz Nunes,5,7,1,8,35.0,sintetica,41,0
Praça Pantanal,0,8,0,0,63.0,sintetica,11,1
Praça Da Rua João Guilherme,3,10,0,14,69.0,sintetica,57,0
Praça El Salvador,1,10,0,5,90.0,sintetica,45,0
Praça Isabel Cabral,3,22,1,2,98.0,sintetica,54,0
"R. Vidal De Negreiros,",0,15,0,3,25.0,sintetica,26,0
Praça Maurício De Nassau E Duarte Coelho,4,9,0,7,37.0,sintetica,52,0
Praça Doutor Alberto Wanderley,5,23,0,14,38.0,sintetica,83,1
Praça Phaelante Da Câmara,5,11,0,3,70.0,sintetica,13,0
Largo Da Encruzilhada,1,5,0,7,85.0,sintetica,53,0
Praça Faca Cega,3,11,1,3,22.0,sintetica,43,0
Praça Dom Vital,1,9,0,8,73.0,sintetica,10,0
Praça Do Cacique - Invadida Por Moradores E Comerciantes Da Área,4,17,0,5,68.0,sintetica,32,0
Praça André Antunes,3,17,0,0,47.0,sintetica,15,0
Praça Sena Vila Cardeal E Silva - Areias,3,3,0,12,57.0,sintetica,25,0
Praça Memorial Arco Verde,1,8,0,9,47.0,sintetica,11,0
Praça Rádio Capibaribe,1,6,0,1,51.0,sintetica,55,0
Praça Nova Bettis,0,17,1,6,60.0,sintetica,21,0
Praça Machado De Assis,6,7,0,9,55.0,sintetica,36,0
Praça Do Lixo Ao Luxo,6,10,0,6,55.0,sintetica,28,0
Praca Da Ur6,4,6,0,2,85.0,sintetica,37,0
Praça Professor Barreto Campelo B,6,8,0,0,29.0,sintetica,44,1
Praça Gregório Bezerra,0,7,0,7,89.0,sintetica,52,0
Praça Poço Da Panela,5,2,0,12,91.0,sintetica,13,0
Praça Nova Bettis,3,16,0,12,98.0,sintetica,58,0
Praça Presidente Kennedy,1,1,0,9,82.0,sintetica,58,0
Praça Jules Rimet,3,14,0,13,41.0,sintetica,16,0
Praça Rodrigo Cebola,3,13,0,10,39.0,sintetica,46,0
Praça Da Rua Guarabira,2,17,0,14,52.0,sintetica,34,0
Praça Eça De Queiroz,5,15,1,10,34.0,sintetica,50,1
Praça José Vieira,2,19,0,9,26.0,sintetica,26,0
Praça Do Conjunto Habitacinal Josue Pinto,6,21,1,14,69.0,sintetica,99,1
Praça Todos Os Santos,3,3,0,6,29.0,sintetica,23,0
Praça Doutor Pedro Alves Neto,1,19,0,9,98.0,sintetica,46,0
Praça Ana Lima Brandão,3,5,0,7,56.0,sintetica,11,0
Praça Da Paz,5,5,0,0,78.0,sintetica,33,0
Parque Sítio Da Trindade/Arraial V. Do Bom Jesus,2,10,0,13,94.0,sintetica,24,0
Aritana,1,16,0,2,82.0,sintetica,57,0
Praça Da Rua Joaquim De Brito,3,23,0,12,40.0,sintetica,42,0
Praça Augusto Rodrigues,4,2,0,1,98.0,sintetica,21,0
Praça Ascenço Ferreira,5,12,0,0,98.0,sintetica,28,0
Praça João Rique,5,21,1,4,56.0,sintetica,65,0
Praça Da Rua Pinheiro Machado,4,2,0,2,64.0,sintetica,14,0
Praça Dr Fernando Figueira,3,15,0,9,33.0,sintetica,10,0
Praça Da Alegria,5,14,0,14,62.0,sintetica,52,0
Praça Professor Jeronimo Gueiros,1,10,1,7,52.0,sintetica,18,0
Praça Arquiteta Maria Lucia,3,17,0,5,22.0,sintetica,48,0
Parque Jonathan Marques Da Cunha,3,14,0,9,63.0,sintetica,43,0
Praça Josen Demery Carneiro,2,4,0,13,54.0,sintetica,38,0
Nossa Senhora De Lourdes,5,15,0,8,44.0,sintetica,58,1
Praça Sargento Max Wolf Filho,5,15,0,8,27.0,sintetica,57,0
Praça Visconde De Mauá,4,16,0,10,81.0,sintetica,57,0
Praça Abelardo Baltar,2,8,1,5,37.0,sintetica,55,0
Praça Do Berardo,6,22,1,1,47.0,sintetica,94,1
Praça Da Juventude,2,2,0,8,94.0,sintetica,28,0
Av Manoel Gonsalves Da Luz,5,19,1,1,31.0,sintetica,73,0
Parque Sítio Da Trindade/Arraial V. Do Bom Jesus,3,12,0,2,83.0,sintetica,44,0
Campo Do Imperio,2,21,1,5,21.0,sintetica,49,0
Praça Da Rua Riacho Doce,4,2,0,1,78.0,sintetica,57,0
Praça Othon Bezerra De Melo,2,6,0,4,56.0,sintetica,31,0
Praça Compositor Antônio Maria,4,5,1,1,23.0,sintetica,13,0
Praça Jornalista Otávio Sarmento Cardoso/Coliseu,6,8,1,11,60.0,sintetica,17,1
Praça Do Cajueiro,2,11,0,3,64.0,sintetica,10,0
Horta Comunitária De Casa Amarela,4,14,0,14,53.0,sintetica,45,0
Praça Do Rosarinho,2,20,0,10,32.0,sintetica,16,0
Praça Da Igreja,6,19,1,10,26.0,sintetica,71,1
Praça Luiz Inácio Pessoa De Mello,2,2,0,2,51.0,sintetica,38,0
Praca Esmeralda,1,9,0,4,42.0,sintetica,10,0
Praça Ana Lima Brandão,4,0,0,5,68.0,sintetica,27,0
Praça Luiz Gonzaga,6,18,0,12,91.0,sintetica,91,0
Praça São Francisco/Amante Das Flores,4,18,0,6,66.0,sintetica,71,0
Praça Nova Esperança,4,22,0,9,56.0,sintetica,94,1
Praça De Boa Viagem,0,22,0,7,67.0,sintetica,17,0
Praça João Felipe Santiago,6,12,0,8,48.0,sintetica,36,0
Praça Thyago Fausto,2,11,0,13,56.0,sintetica,59,0
Praça De Campo Grande,4,0,0,3,42.0,sintetica,48,0
Praça Do Trabalho,5,18,0,3,57.0,sintetica,71,0
Praça Da Rua Jatobá,0,23,0,6,63.0,sintetica,34,1
Praça Rodrigo Cebola,1,15,0,11,24.0,sintetica,23,0
Praça Do Iml,4,22,0,14,71.0,sintetica,88,0
Praça Da Morena,4,22,0,9,59.0,sintetica,72,0
Praça Da Avenida Da Recuperação,0,14,0,9,30.0,sintetica,49,0
Praça Alfredo Pinto,2,15,0,10,97.0,sintetica,40,0
Praça Maria Vitalina Gonçalves Da Rocha,5,10,0,8,21.0,sintetica,14,0
Praça Das Flores,1,23,1,10,54.0,sintetica,26,1
Praça La Coruna,4,5,0,1,64.0,sintetica,19,0
Praça Coronel Silva Torres,2,10,1,12,68.0,sintetica,52,1
Praça João Miguel De Souza Junior,6,2,0,10,54.0,sintetica,25,0
Praça Lins Do Rego/Dos Brotos,5,14,1,5,91.0,sintetica,57,0
Praça João Pessoa De Queiroz,6,0,0,9,51.0,sintetica,13,0
Praça Cordilandia,5,6,0,9,87.0,sintetica,14,0
Praça Virgilio De Oliveira,1,0,1,7,90.0,sintetica,51,0
Praça Getulio Vargas,3,16,0,12,58.0,sintetica,55,0
Praça Franco Gomes Coutinho,5,8,0,4,67.0,sintetica,50,0
"R. Vidal De Negreiros,",3,22,0,4,56.0,sintetica,59,0
Praça Dalva De Oliveira,6,12,1,7,79.0,sintetica,29,0
Praça Neta Araujo,5,10,0,0,93.0,sintetica,15,0
Praça Da Rua Elza Leal Wanderley,1,19,0,5,23.0,sintetica,20,0
Praça Da Rua Caxangá Agape,0,5,0,9,42.0,sintetica,26,0
Praça Coronel Silva Torres,1,0,0,12,33.0,sintetica,50,0
Praça Riacho Doce,1,6,0,8,24.0,sintetica,12,0
Praça Ministro João Gonçalves De Souza,0,11,0,11,85.0,sintetica,25,0
Praça Neta Araujo,0,21,1,5,43.0,sintetica,45,0
Eudoro Correia,2,19,0,14,37.0,sintetica,35,0
Praça Vereador Carlos Duarte,5,22,0,6,46.0,sintetica,99,1
Praça Do Bongi,6,18,0,3,43.0,sintetica,74,0
Praça Rita Coelho Em Cavaleiro,2,16,0,11,48.0,sintetica,43,0
Praça Vinte De Julho,0,3,0,9,30.0,sintetica,29,0
Praça Ministro João Gonçalves De Souza,3,2,0,0,37.0,sintetica,26,0
Praça Estação Macaco,6,0,0,8,23.0,sintetica,29,0
Praça Da Rua Rosa M. De Melo,3,17,0,11,52.0,sintetica,25,0
Praça Largo De Monte Verde,1,20,0,5,97.0,sintetica,58,0
Praça Herois Da Restauração /Do Buraco,4,14,0,2,61.0,sintetica,13,0
Praça Simão Borba,1,7,0,3,51.0,sintetica,27,0
Praça Campo De Pelada Carlos Rios,1,0,0,9,70.0,sintetica,45,0
Praça Virgilio De Oliveira,4,19,0,11,23.0,sintetica,98,1
Praça Professor Barreto Campelo B,5,13,0,5,39.0,sintetica,39,0
Praça Novaes Filho,0,3,1,5,86.0,sintetica,27,0
15 De Setembro,3,4,0,11,87.0,sintetica,30,0
Praça Do Terminal Da Guabiraba,1,22,0,8,81.0,sintetica,41,0
Praça Palminha / Próximo Ao Núcleo Policial / Padaria Flor Do Ibura,4,12,0,3,77.0,sintetica,14,1
Praça João Rique,2,23,1,4,66.0,sintetica,50,0
Praça Saturnino De Brito,1,14,0,4,94.0,sintetica,32,0
Praça Marcantônio Vilaça,3,5,1,2,99.0,sintetica,39,0
Praça Cristo Rei,0,0,0,1,78.0,sintetica,36,0
Praca Mauriceia,1,22,1,7,25.0,sintetica,24,0
Praça Da Vila Teimosinho,1,18,0,9,59.0,sintetica,50,0
Praça Do Iml,5,12,0,14,96.0,sintetica,23,0
Parque Jonathan Marques Da Cunha,4,5,0,8,42.0,sintetica,30,0
Praça Da Quadra,2,14,1,9,71.0,sintetica,43,1
Praça Professor Agamenon Magalhães,2,15,0,10,23.0,sintetica,35,0
Parque Treze De Maio,6,23,0,12,56.0,sintetica,99,1
Praça Infantil John F. Kennedy,0,22,0,8,61.0,sintetica,59,0
Praça Infantil John F. Kennedy,6,15,0,13,63.0,sintetica,54,0
Praça Luiz Americo Willians,3,9,0,4,61.0,sintetica,40,0
Praça Da Rua Leonardo Da Vinci,0,21,0,10,48.0,sintetica,57,0
Praça João Felipe Santiago,1,8,0,8,38.0,sintetica,15,0
Praça Vila Do Moinho Recife,1,8,1,3,51.0,sintetica,57,0
Praça Professor Jeronimo Gueiros,2,16,0,1,63.0,sintetica,13,0
Praça Ulisses Leon De Oliveira,3,16,0,2,74.0,sintetica,33,1
Barreirão,4,16,0,0,99.0,sintetica,51,0
Praça Jornalista Otávio Sarmento Cardoso/Coliseu,3,23,1,4,24.0,sintetica,40,0
Praça Rádio Capibaribe,1,11,0,0,65.0,sintetica,28,0
Praça Dom Vital,4,12,0,11,95.0,sintetica,20,0
Praça Gustavo Barrozo,3,11,1,10,64.0,sintetica,38,1
Praça Adulccio Júnior,3,13,0,0,40.0,sintetica,14,0
Praça Da Lagoa Encantada,4,9,0,13,97.0,sintetica,27,0
Praça Do Terminal Da Guabiraba,1,22,0,10,41.0,sintetica,12,1
Praça São Francisco/Amante Das Flores,3,18,1,10,49.0,sintetica,49,1
Praça Robert Kennedy/Da Juventude,4,1,0,12,42.0,sintetica,20,0
Praça Do Bongi,5,3,0,6,24.0,sintetica,30,0
Praça Faca Cega,5,18,0,1,82.0,sintetica,86,0
Bruno Soares Claudina Da Silva,1,6,0,14,78.0,sintetica,28,0
Praça Rafael De Oliveira Alves,4,14,1,7,71.0,sintetica,34,0
Praça Visconde De Mauá,5,14,0,5,84.0,sintetica,44,0
Praça Do Jacaré,4,23,0,3,58.0,sintetica,65,0
Praça Professor Coelho De Almeida,3,5,1,8,22.0,sintetica,56,0
Wilma Damasceno,1,2,0,14,61.0,sintetica,35,0
Praça Da Criança Alexandra Vilma Dias,5,5,0,9,90.0,sintetica,57,0
Praça Professor Barreto Campello,6,15,1,7,46.0,sintetica,14,0
Praça Gonçalo Leitão,3,1,0,12,47.0,sintetica,28,0
Praça Maciel Pinheiro,6,6,0,9,73.0,sintetica,36,0
Praça Presidente Kennedy,6,10,0,2,34.0,sintetica,47,0
Praça Da Rua Joaquim De Brito,0,6,0,2,72.0,sintetica,38,0
Praça Getulio Vargas,0,3,1,3,91.0,sintetica,21,0
Praça Do Jacaré,1,23,0,13,89.0,sintetica,28,0
Praça André Antunes,5,19,0,8,23.0,sintetica,96,1
Praça Silva Jardim,5,6,0,8,36.0,sintetica,27,0
Praça Do Pirulito,5,3,0,4,53.0,sintetica,38,0
Praça São Francisco/Amante Das Flores,4,11,1,11,25.0,sintetica,12,1
Praça Do Caixito,3,4,0,8,55.0,sintetica,32,1
Praca General Carlos Pinto,5,22,1,5,58.0,sintetica,62,0
Praça Frei Cassimiro,3,18,0,7,99.0,sintetica,55,0
Praça André Antunes,1,4,0,10,85.0,sintetica,33,0
Praça Solange Pinto Melo,6,18,0,7,27.0,sintetica,85,1
Pracinha Das Crianças,5,20,1,11,34.0,sintetica,61,1
Parque Dona Lindu,1,2,0,9,82.0,sintetica,13,0
Praça Elvira Andrade De Souza,5,10,0,14,99.0,sintetica,37,0
Praça Novaes Filho,0,6,0,6,84.0,sintetica,25,0
Praça Otávio De Freitas,2,16,0,3,78.0,sintetica,22,0
Prc Senhor Bartolomeu,1,8,0,3,29.0,sintetica,17,0
Praça Mercado Municipal Da Ur-5,5,20,1,5,26.0,sintetica,95,1
Praça Da Rua Abc,2,8,0,13,93.0,sintetica,34,0
Praça Vila 27 De Abril,1,9,0,8,95.0,sintetica,11,0
Praça Do Pirulito,4,12,0,6,31.0,sintetica,39,0
Praça  João Maurício Campos,5,14,0,4,98.0,sintetica,49,0
Praça Quartel General,4,21,0,4,65.0,sintetica,86,0
Praça Da Restauração,0,4,0,7,51.0,sintetica,32,0
Trevo Da Ur2,5,2,0,5,51.0,sintetica,38,0
Praça Silva Jardim,6,7,0,0,97.0,sintetica,50,0
Praça Marcantônio Vilaça,0,19,0,0,80.0,sintetica,39,0
Praça Da  Singapura,2,9,0,8,88.0,sintetica,20,0
Praça Ana Lima Brandão,1,12,0,7,80.0,sintetica,30,0
Área Central Da Avenida José Américo De Almeida,3,2,0,5,65.0,sintetica,36,0
Glaucineide Ferraz Da Silva,0,21,0,12,87.0,sintetica,33,1
Praça Campo Do Lagoão,3,7,0,0,74.0,sintetica,40,0
Praça Arco Íris,3,8,0,13,20.0,sintetica,39,0
Praça Do Sargento,1,21,0,1,96.0,sintetica,10,1
Praça Dom Vital,2,20,0,9,86.0,sintetica,10,0
Praça 3º Jardim De Boa Viagem,1,11,0,2,68.0,sintetica,17,0
Nossa Senhora De Lourdes,5,10,0,9,44.0,sintetica,57,0
Praca Mauriceia,0,1,1,11,35.0,sintetica,51,1
Praça Da Avenida General San Martin,3,17,0,2,32.0,sintetica,43,0
Praca Mauriceia,1,8,0,1,71.0,sintetica,25,0
Praça Antônio Luiz,1,1,1,11,55.0,sintetica,36,1
Praça Da Rua Jatobá,1,1,0,1,91.0,sintetica,13,0
Praça Engenho Massangana,0,2,0,5,63.0,sintetica,28,0
Praça Da Biblia,2,15,0,6,66.0,sintetica,38,0
Praça Casarão Alto Do Ceu,6,18,0,3,99.0,sintetica,68,0
Praça Do Cajueiro,1,3,0,0,95.0,sintetica,12,0
Praça Do Berardo,0,22,0,5,39.0,sintetica,20,0
Praça Professor Calazans,3,17,0,6,37.0,sintetica,17,0
Praça Centro Campo Grande,5,19,0,3,73.0,sintetica,93,0
Praça Sítio Das Palmeiras,6,17,0,5,31.0,sintetica,42,0
Praça Luiz Albacora,4,9,0,8,44.0,sintetica,17,0
Praça Francisco Apolônio Jorge Sales,6,10,0,3,79.0,sintetica,34,0
Praça Do Rosarinho,6,16,0,11,94.0,sintetica,33,0
Praça Professor Ageu Magalhães,0,23,0,14,53.0,sintetica,35,0
Praça Largo Dona Regina,4,22,0,13,32.0,sintetica,74,0
Praça Sementes Do Amanhã,1,23,0,9,57.0,sintetica,26,0
Praça Professor Coelho De Almeida,1,19,0,3,31.0,sintetica,36,0
Praça Thyago Fausto,6,15,1,9,55.0,sintetica,38,1
Praça Professor Coelho De Almeida,0,19,1,11,47.0,sintetica,52,1
Praça Profeta Joseph Smith,4,12,0,4,58.0,sintetica,48,0
Praça Da Cavalaria,1,1,0,2,96.0,sintetica,18,0
Praça Do Anfiteatro,3,23,0,9,62.0,sintetica,23,0
Praça Bambu,2,1,0,1,50.0,sintetica,14,0
"R. Vidal De Negreiros,",2,13,1,14,21.0,sintetica,59,1
Praça De Dona Vilma,1,3,0,8,61.0,sintetica,39,1
Praça Irmã Douraci,4,16,1,12,50.0,sintetica,37,1
Praça Da Rua Tristão Da Cunha,5,12,0,0,80.0,sintetica,54,0
Praça Do Rosário,1,3,0,4,75.0,sintetica,46,0
Praça Treze De Junho,5,2,0,4,33.0,sintetica,17,0
Praça Dalva De Oliveira,5,11,0,7,33.0,sintetica,24,0
Praça Sebastião Malta,4,21,0,5,48.0,sintetica,87,1
Praça La Coruna,5,22,0,5,69.0,sintetica,88,0
Praça Jacarezinho,3,7,0,5,69.0,sintetica,42,0
Praça Phaelante Da Câmara,4,1,0,3,82.0,sintetica,15,0
Praça Joaquim Cardoso/Da Biblioteca,1,5,0,14,92.0,sintetica,21,0
Praça Santa Lucia,6,21,0,0,84.0,sintetica,98,0
Praça Gonçalo Leitão,3,9,1,2,87.0,sintetica,54,0
Praça Neta Araujo,0,11,0,12,90.0,sintetica,37,0
Praça Da Rua Arquiteto Luiz Nunes,2,20,0,12,30.0,sintetica,16,0
Praça Almirante Do Forte,1,9,1,14,33.0,sintetica,50,1
Praça Odília Freire Dos Santos,1,9,0,9,22.0,sintetica,10,0
Praça Rádio Jornal Do Comércio,1,22,0,11,27.0,sintetica,33,1
Praça La Coruna,3,2,1,10,62.0,sintetica,54,1
Praça Da Igreja Nossa Senhora De Fatima,0,19,0,5,28.0,sintetica,28,0
Praça Doutor Alberto Wanderley,6,9,0,4,38.0,sintetica,41,0
Praça Clotilde Machado,4,8,0,9,31.0,sintetica,39,0
Praça Eduardo Cardoso/Gregório Albuquerque,0,19,0,0,46.0,sintetica,10,0
Praça De Boa Viagem,3,18,0,4,77.0,sintetica,41,0
Praça Da Rua Guarabira,1,13,1,1,44.0,sintetica,29,0
Praça Professor Calazans,2,1,0,0,64.0,sintetica,30,0
Praça Do Comar,1,4,0,3,67.0,sintetica,28,0
Praça Da Mentira,4,19,0,5,69.0,sintetica,86,0
Praça Othon Bezerra De Melo,5,7,0,6,63.0,sintetica,59,0
Praça Machado De Assis,2,6,1,8,78.0,sintetica,37,0
Praça Da Rua Pinheiro Machado,1,5,0,4,52.0,sintetica,41,0
Praça Arsenal Da Marinha,6,10,1,7,97.0,sintetica,39,0
Praça Da Travessa José Leite,2,11,0,7,47.0,sintetica,32,1
Praça Heiji Gemba,5,17,0,10,37.0,sintetica,36,0
Praça Izabel De Goes,0,18,1,8,74.0,sintetica,46,0
Praça Dos Pneus,3,9,1,2,52.0,sintetica,35,0
Domingos Gilvaneti,1,20,1,2,34.0,sintetica,12,0
Praça Dom José Pereira Alves,4,13,0,8,80.0,sintetica,40,0
Praça Do Comar,0,2,0,6,30.0,sintetica,11,0
Praça Barão Da Soledade,1,17,0,14,55.0,sintetica,19,0
Praça Do Iml,0,23,1,3,34.0,sintetica,47,0
Praça Do Entrocamento,4,14,0,14,72.0,sintetica,28,0
Praça João Pessoa De Queiroz,1,5,0,0,81.0,sintetica,40,0
Praça Pinto Damaso,5,9,0,6,67.0,sintetica,38,0
Praça Marcelino Champagnat,5,11,0,9,34.0,sintetica,34,0
Praça Esperança,4,6,1,5,82.0,sintetica,41,0
Praça Profeta Joseph Smith,2,16,0,2,62.0,sintetica,26,0
Aritana,4,0,0,13,69.0,sintetica,54,0
Praça Rádio Capibaribe,2,17,0,4,79.0,sintetica,58,0
Praça Da Av. Do Forte,1,14,0,2,78.0,sintetica,32,1
Praça Professor Calazans,2,18,0,7,34.0,sintetica,27,0
Praça Dona Elizabeth,1,0,0,4,48.0,sintetica,20,0
"R. Vidal De Negreiros,",1,4,0,9,94.0,sintetica,29,0
Travessa Tiradentes,6,14,0,9,59.0,sintetica,22,0
Praça  Marciel Pinheiro,3,2,0,5,50.0,sintetica,33,0
Praça Da Rua José Rodrigues,1,0,0,1,92.0,sintetica,52,0
Praça Professor Jeronimo Gueiros,2,7,0,7,30.0,sintetica,29,0
Praça Filonila Ferreira,3,11,0,8,81.0,sintetica,51,0
Praça São Francisco/Amante Das Flores,3,21,0,2,94.0,sintetica,37,0
Praça Rádio Jornal Do Comércio,1,18,0,12,27.0,sintetica,44,0
Praça Doutor Pádua Walfrido,4,11,1,14,70.0,sintetica,30,1
Praça Maria Sampaio Lucena,4,12,0,5,76.0,sintetica,15,0
Praça Tamarindo,5,0,0,5,23.0,sintetica,16,0
Largo Da Encruzilhada,3,18,1,1,55.0,sintetica,38,0
Praça Da Av. Do Forte,1,5,0,9,38.0,sintetica,32,0
Praça Da Rua Da Aurora,6,7,1,7,43.0,sintetica,14,0
Praça André Antunes,4,3,0,4,60.0,sintetica,31,0
Praça Da Rua Caxangá Agape,6,4,1,10,68.0,sintetica,18,1
Praça Da Igreja,1,21,1,10,65.0,sintetica,41,1
Praça Sena Vila Cardeal E Silva - Areias,1,6,0,7,55.0,sintetica,19,0
Praça Ana Lima Brandão,3,22,0,13,29.0,sintetica,55,0
Praça Da Igreja Nossa Senhora De Fatima,6,3,0,12,97.0,sintetica,52,0
Praça Largo Dona Regina,5,19,0,13,26.0,sintetica,78,1
Mariazinha,3,3,0,7,31.0,sintetica,37,0
Praça  João Maurício Campos,0,14,0,14,67.0,sintetica,20,0
Praça Do El Salvador,6,20,0,11,56.0,sintetica,78,1
Praça Da Várzea,4,4,0,2,94.0,sintetica,39,0
Praça Da Rua José Augusto De Barros,4,23,1,4,55.0,sintetica,84,1
Praça Da Biblia,4,8,0,6,79.0,sintetica,54,0
Praça Doutor Júlio Campelo,2,1,0,4,96.0,sintetica,47,0
Praça Sitio Grande,1,6,0,5,27.0,sintetica,43,1
Praça Mercado Municipal Da Ur-5,3,16,0,1,26.0,sintetica,55,0
Praça Francisco Apolônio Jorge Sales,4,15,0,7,62.0,sintetica,37,0
Praça Josenildo Lins,0,16,1,4,77.0,sintetica,41,0
Praça Da Restauração,4,19,0,5,65.0,sintetica,67,0
Praça Luiz De Lacerda,5,22,0,0,53.0,sintetica,83,1
Praça Movicar,1,1,1,9,91.0,sintetica,10,1
Praça Do Comar,6,10,1,1,41.0,sintetica,43,0
Praça Phaelante Da Câmara,1,1,0,10,40.0,sintetica,50,0
Viaduto Da Via Mangue,6,0,0,3,34.0,sintetica,32,0
José Carlos Ferreira,6,1,0,10,24.0,sintetica,59,0
Praça Francisco Apolônio Jorge Sales,3,22,0,8,36.0,sintetica,29,0
Praça Josenildo Paes Barreto,2,8,1,5,91.0,sintetica,27,0
Praça Do Jardim São Paulo,6,21,0,7,38.0,sintetica,79,1
Praça Tobias Vitorino Da Silva,6,1,0,1,24.0,sintetica,51,0
Praça Do Alto Da Serrinha,3,14,1,9,42.0,sintetica,49,1
Praça La Coruna,4,9,0,14,33.0,sintetica,30,0
Thays Lucena,5,14,1,4,29.0,sintetica,17,0
Praça Da Avenida General San Martin,0,9,0,11,50.0,sintetica,43,0
Praça Do Caixito,3,22,0,11,32.0,sintetica,59,0
Praça Mercado Municipal Da Ur-5,2,16,0,12,41.0,sintetica,20,0
Praça Movicar,3,8,0,0,56.0,sintetica,52,0
Praça Arsenal Da Marinha,1,17,0,3,58.0,sintetica,52,0
Praça Movicar,4,3,0,9,29.0,sintetica,19,0
Praça Faca Cega,4,8,0,0,50.0,sintetica,17,0
Praça Do Campo Santo,6,15,1,10,62.0,sintetica,56,1
Praça João Stanislau,4,3,0,10,96.0,sintetica,17,1
José Carlos Ferreira,4,15,0,8,55.0,sintetica,28,0
Praça Do Iml,4,18,0,1,54.0,sintetica,97,1
Praça Poeta Fernando Pessoa,4,0,1,6,87.0,sintetica,12,0
Arlindo Gouveia,0,22,0,2,74.0,sintetica,53,0
15 De Setembro,2,5,0,13,87.0,sintetica,41,0
Praça Ministro Salgado Filho,6,9,0,1,66.0,sintetica,57,0
Praça Josenildo Paes Barreto,4,15,0,12,25.0,sintetica,25,0
Praça Do Comar,6,3,0,3,47.0,sintetica,39,0
Praça Do Terço,2,21,0,6,49.0,sintetica,58,0
Praça Da Igreja,5,21,0,6,46.0,sintetica,78,1
Praça Adulccio Júnior,4,12,1,8,88.0,sintetica,37,0
Praça Da Esperança,6,15,1,11,58.0,sintetica,25,1
Praça Elvira Andrade De Souza,3,19,0,12,54.0,sintetica,50,0
Praça Barão De Caiara,6,5,0,2,63.0,sintetica,42,0
Praça A.B.C (Abc),4,10,0,6,34.0,sintetica,34,0
Quatro De Outubro,1,23,0,5,51.0,sintetica,27,0
Praça Carmela Dutra/Ipiranga,0,2,1,9,48.0,sintetica,35,1
Praça Santos Dumont,3,19,0,6,82.0,sintetica,15,0
Praça Professor Trajano,3,9,0,6,25.0,sintetica,47,0
Praça Do Campo Santo,1,0,1,9,46.0,sintetica,53,1
Praça Herois Da Restauração /Do Buraco,4,19,0,4,47.0,sintetica,73,0
Praça Cafesopolis,0,10,0,8,24.0,sintetica,52,0
Praça Da Rua Rosa M. De Melo,3,11,0,6,60.0,sintetica,15,0
Andresa Carla Gomes Do Nascimento,0,13,0,6,75.0,sintetica,23,0
Praça João Felipe Santiago,3,7,0,11,73.0,sintetica,27,0
Praça Da Rua Sargento Rubens Leite,4,10,0,13,99.0,sintetica,25,0
Praça Arari Ferreira Fonseca,5,3,0,2,37.0,sintetica,33,0
Praça Da Av. Do Forte,3,6,0,0,96.0,sintetica,22,0
Praça Oswaldo Cruz,5,9,0,13,62.0,sintetica,10,0
Praça Cais Edgar Amorim,3,18,0,13,93.0,sintetica,47,0
Praça Jornalista Otávio Sarmento Cardoso/Coliseu,2,3,0,4,48.0,sintetica,23,0
Praça Adulccio Júnior,4,1,0,7,29.0,sintetica,26,0
Praça Luiz De Lacerda,1,20,0,4,25.0,sintetica,22,0
A Praça É Nossa,5,17,0,9,99.0,sintetica,22,0
Praça De Boa Viagem,1,13,0,2,23.0,sintetica,18,0
Parque De Santana,4,15,0,8,53.0,sintetica,15,1
Praça Fleming,6,21,0,1,52.0,sintetica,86,1
Praça Do Forte Do Brum,1,10,0,14,23.0,sintetica,39,0
Praça Profeta Joseph Smith,4,9,0,2,63.0,sintetica,46,0
Praça Governador Paulo Guerra,1,16,0,11,95.0,sintetica,55,0
Largo Visconde De Mauá,5,13,0,3,50.0,sintetica,23,0
Praça Da Madalena,2,21,0,9,99.0,sintetica,13,1
Jardim América,1,3,1,0,85.0,sintetica,43,0
Praça Dezessete,5,18,0,10,77.0,sintetica,78,0
Praça Da  Singapura,3,1,1,3,79.0,sintetica,26,1
Praça Dalva De Oliveira,4,6,0,3,21.0,sintetica,51,0
Praca General Carlos Pinto,0,8,0,8,55.0,sintetica,23,0
Praça Carmela Dutra/Ipiranga,6,18,0,7,89.0,sintetica,73,0
Praça Da Ong Do Rio - Nova Morada,0,15,0,1,79.0,sintetica,39,0
Praça Manuel Markman,4,21,0,12,42.0,sintetica,91,1
Praça Da Torre,2,15,0,6,66.0,sintetica,38,0
Praça Gildo Macedo Lacerda,1,17,1,5,65.0,sintetica,16,0
Praça Da Rua José Augusto De Barros,2,22,1,6,99.0,sintetica,18,0
A Praça É Nossa,0,20,0,10,63.0,sintetica,55,0
Praça Campo Do Lagoão,6,20,1,3,38.0,sintetica,99,1
Praça Adalberto Aguiar,5,10,1,13,68.0,sintetica,45,1
Praça Da Conceição,6,6,1,13,77.0,sintetica,23,1
Praça Do Tourão,4,8,0,4,26.0,sintetica,29,0
Praça Abelardo Baltar,4,3,0,5,60.0,sintetica,26,0
Arnaldo Assunção,2,12,0,8,97.0,sintetica,41,0
Praça Da Juventude,5,3,0,1,34.0,sintetica,34,1
Praça Jornalista Anibal Fernandes,2,18,1,10,95.0,sintetica,39,1
Largo Do Holandes,1,1,0,8,72.0,sintetica,58,0
Praça José Maria Do Nascimento Paraíba/Lixão,3,8,0,9,42.0,sintetica,36,1
Praça Da Rua José Pimentel,5,11,1,0,96.0,sintetica,36,0
Praça Thiago Pepeta,3,1,0,3,92.0,sintetica,55,0
Praça Mercia De Albuquerque,6,5,1,11,84.0,sintetica,40,1
Praça Henrique Café,1,4,0,4,79.0,sintetica,54,0
Horta Comunitária De Casa Amarela,3,4,0,8,29.0,sintetica,35,0
Praça Da Juventude,0,19,0,14,77.0,sintetica,23,1
Praça Professor Agamenon Magalhães,6,21,0,5,66.0,sintetica,85,0
Praça Márcio Codonga,3,4,0,3,34.0,sintetica,30,0
Quatro De Outubro,1,3,1,1,28.0,sintetica,37,0
Praça Dom Bosco,3,8,1,4,32.0,sintetica,24,0
Praça Neta Araujo,4,21,0,7,42.0,sintetica,96,1
Praça Do Entrocamento,2,9,0,7,52.0,sintetica,34,0
Praça Do Candieiro,0,15,1,5,28.0,sintetica,20,0
Arnaldo Assunção,4,9,0,10,22.0,sintetica,53,1
Praça Do Cacique - Invadida Por Moradores E Comerciantes Da Área,4,9,0,0,92.0,sintetica,20,0
Praça Professor Fleming,1,18,1,14,44.0,sintetica,37,1
Praça Joca Leal,2,9,1,7,90.0,sintetica,14,0
Engenho Do Meio,2,5,0,3,55.0,sintetica,37,0
Praça Do Heróis Da Restauração,5,16,0,14,39.0,sintetica,17,0
Praça Mano Teodósio,6,4,0,13,73.0,sintetica,35,0
Praça Geraldo Vilas Boas,0,5,0,1,38.0,sintetica,15,0
Vila Boas Travassos,6,23,1,0,79.0,sintetica,62,0
Parque De Santana,1,14,1,6,56.0,sintetica,57,0
Praça Da Gaia,0,18,0,1,22.0,sintetica,41,0
Praça Joaquim Cardoso/Da Biblioteca,5,17,0,12,38.0,sintetica,21,0
Praça Doutor Pedro Alves Neto,3,3,1,3,72.0,sintetica,15,0
Praça Clotilde Machado,4,7,0,3,65.0,sintetica,22,0
Praça Da Rua Clotilde Machado,0,15,0,12,99.0,sintetica,48,0
Praça Das Cinco Pontas,6,23,1,9,75.0,sintetica,97,1
Praça Dom Diogo Camarao,4,18,0,14,89.0,sintetica,62,0
Praça Vitória Do Povo,1,19,0,0,50.0,sintetica,43,0
Praça Luiz Inácio Pessoa De Mello,6,2,0,1,72.0,sintetica,32,0
Praça Queira Deus,3,9,0,0,53.0,sintetica,50,0
Praça Ponte D`Uchoa,1,1,0,5,50.0,sintetica,54,0
Praça  Da Entrada Da Ur 2,3,3,0,12,79.0,sintetica,26,0
Praça Vitória Do Povo,3,5,1,2,30.0,sintetica,54,0
Horta Comunitária De Casa Amarela,4,10,0,0,25.0,sintetica,57,0
Praça José Vieira,1,13,0,11,46.0,sintetica,10,0
Praça Da Várzea,1,15,0,7,26.0,sintetica,16,0
Praça Dona Elizabeth,0,20,0,13,68.0,sintetica,22,0
Praça Presidente Kennedy,6,18,0,11,91.0,sintetica,65,0
Praça Da Madalena,1,1,0,13,79.0,sintetica,26,0
Praça Centro Campo Grande,0,16,0,3,52.0,sintetica,39,0
Praça Campo Santo,2,8,0,9,66.0,sintetica,57,0
Praça Lins Do Rego/Dos Brotos,2,16,1,6,63.0,sintetica,56,0
Praça Visconde De Mauá,2,14,0,9,98.0,sintetica,58,0
"R. Vidal De Negreiros,",5,6,0,1,46.0,sintetica,43,0
Praça João Felipe Santiago,1,21,0,14,41.0,sintetica,36,0
Praça Dom Diogo Camarao,5,22,0,5,66.0,sintetica,98,0
Praça Manuel Markman,6,18,0,5,67.0,sintetica,96,0
Praça Aleixo De Oliveira,1,2,0,6,49.0,sintetica,44,0
Sem Nome,0,0,0,11,21.0,sintetica,18,0
Praça São Francisco/Amante Das Flores,5,3,1,0,34.0,sintetica,15,1
Praça Via Mangue,5,17,0,13,66.0,sintetica,35,0
Praça Da Rua Do Campo,6,7,0,11,46.0,sintetica,47,0
Praça Alto Jose Do Pinho,5,18,0,0,90.0,sintetica,87,1
Praça Tertuliano Feitosa,3,22,0,14,46.0,sintetica,36,0
Praça Sitio Grande,0,22,1,1,32.0,sintetica,49,0
Praça Da Rua José Rodrigues,2,5,0,13,74.0,sintetica,40,0
A Praça É Nossa,0,0,0,10,36.0,sintetica,12,0
Largo Do Holandes,3,7,0,1,94.0,sintetica,33,0
Pracinha Das Crianças,6,0,0,4,78.0,sintetica,24,0
Praça Professor Barreto Campelo B,6,18,0,0,29.0,sintetica,76,1
Praça Da Vtiória,1,10,1,10,52.0,sintetica,20,1
Praça Luiz Gonzaga,0,20,0,1,97.0,sintetica,39,0
Praça Fernando Galvão,6,23,0,5,56.0,sintetica,95,1
Praça Torreão,5,14,0,2,27.0,sintetica,57,0
Praça De Dona Vilma,6,22,0,3,52.0,sintetica,85,1
Arnaldo Assunção,6,10,1,0,26.0,sintetica,52,0
Praça Luz Da Fraternidade,6,18,0,4,53.0,sintetica,80,1
Praça De Frente A Chesf,6,20,0,3,90.0,sintetica,77,0
Praça José Bonifácio,2,9,0,7,26.0,sintetica,32,0
Praca General Carlos Pinto,2,23,0,2,60.0,sintetica,51,0
Praça Do Lixo Ao Luxo,1,11,0,9,74.0,sintetica,51,0
Praça Arquiteta Maria Lucia,6,0,0,0,26.0,sintetica,12,0
Praça Barão De Caiara,0,23,0,13,37.0,sintetica,35,0
Praça Doutor Alberto Wanderley,3,6,1,12,62.0,sintetica,23,1
Praça Arsenal Da Marinha,1,16,0,9,97.0,sintetica,28,0
Praça Ascenço Ferreira,0,9,1,4,59.0,sintetica,30,0
Praça Clube Sargento Wolf,6,5,0,13,72.0,sintetica,30,0
Praça Palminha / Próximo Ao Núcleo Policial / Padaria Flor Do Ibura,4,16,0,14,33.0,sintetica,18,0
Praça Sitio Grande,6,17,0,0,40.0,sintetica,22,0
Prc Senhor Bartolomeu,2,4,1,10,76.0,sintetica,50,0
Praça Da Avenida Maurício De Nassau,3,17,0,4,65.0,sintetica,53,0
Praça Olavo Bilac,5,16,0,8,45.0,sintetica,55,0
Vila.Das Lavadeiras,3,21,0,4,43.0,sintetica,46,0
Praça Dona Carminha & Sr João,5,15,1,1,24.0,sintetica,47,0
Praça Das Criancas,3,7,1,12,61.0,sintetica,54,1
Praça Cidade Do Porto,2,23,0,14,62.0,sintetica,54,0
Praça Abelardo Rijo,5,12,1,1,51.0,sintetica,33,0
Praça André Antunes,0,23,0,9,25.0,sintetica,47,0
Praça Alto Da Serrinha,5,15,1,8,93.0,sintetica,55,0
Praça Academia Da Saúde Alto Da Conquista,1,10,0,11,86.0,sintetica,20,0
Praça Noel Rodrigues,0,5,0,13,26.0,sintetica,38,0
Parque Treze De Maio,1,2,0,4,48.0,sintetica,54,0
Praça Onze De Junho,6,0,0,10,53.0,sintetica,53,0
Praça Da Paz,3,17,0,7,26.0,sintetica,57,0
Praça Conselheiro João Alfredo,0,4,0,9,96.0,sintetica,47,0
Praça Miguel De Cervantes,3,12,0,3,77.0,sintetica,50,0
Praça Professora Antonia Galvão,6,9,0,1,50.0,sintetica,26,0
Praça Sebastião Malta,4,4,0,3,92.0,sintetica,57,0
Parque Da Tamarineira,3,13,1,11,64.0,sintetica,35,1
Praça Da Rua Sargento Rubens Leite,6,16,1,10,66.0,sintetica,35,1
Praça 3º Jardim De Boa Viagem,3,0,1,3,96.0,sintetica,21,0
Praça Dalva De Oliveira,6,1,0,10,91.0,sintetica,27,0
Nossa Senhora De Lourdes,1,6,0,8,92.0,sintetica,18,0
Praça Das Criancas,6,9,1,9,92.0,sintetica,12,1
Praça Maria Sampaio Lucena,5,19,1,10,59.0,sintetica,78,1
Praça Professor Trajano,4,6,0,5,49.0,sintetica,52,0
Praça Todos Os Santos,3,23,0,14,81.0,sintetica,11,1
Praça Da Rua Jatobá,6,15,0,9,90.0,sintetica,17,0
Praça Monteiro Lobato,6,4,0,14,36.0,sintetica,52,0
Praça Lagoa Do Araça,3,11,0,5,24.0,sintetica,27,0
Andresa Carla Gomes Do Nascimento,4,16,0,4,20.0,sintetica,48,0
Praça Henrique Café,4,15,1,5,99.0,sintetica,40,0
Academia Da Cidade,6,19,0,0,50.0,sintetica,97,1
Praça José Da Mota Silveira,0,15,0,12,54.0,sintetica,48,0
Praça Izabel De Goes,1,18,0,4,91.0,sintetica,42,0
Praça João Miguel De Souza Junior,4,14,1,11,49.0,sintetica,38,1
Pinto Damásio,4,11,0,5,34.0,sintetica,53,0
Praça Virgilio De Oliveira,2,20,0,7,75.0,sintetica,42,0
Horta Comunitária De Casa Amarela,5,9,0,3,79.0,sintetica,44,0
Praça João Stanislau,4,21,0,13,46.0,sintetica,79,1
Praça Elvira Andrade De Souza,1,1,0,4,21.0,sintetica,44,0
Praça Poeta Fernando Pessoa,5,6,0,3,93.0,sintetica,41,0
Parque De Santana,5,12,0,6,83.0,sintetica,45,0
Praça Da Rua Sargento Rubens Leite,3,2,0,9,24.0,sintetica,55,0
Praça Pantanal,3,14,0,5,87.0,sintetica,59,1
Praça Da Av. Do Forte,3,0,0,13,32.0,sintetica,32,0
Praça Ministro Salgado Filho,3,2,0,3,42.0,sintetica,14,0
Praça Do Vasco Da Gama,2,9,1,5,69.0,sintetica,56,0
Praça Clotilde Machado,4,14,0,12,98.0,sintetica,25,0
Pracinha Da Estação Do Barro,3,21,0,3,97.0,sintetica,49,0
Praça Maurício De Nassau E Duarte Coelho,6,5,0,11,92.0,sintetica,33,0
Praça Do Mercado Da Madalena,0,19,0,7,56.0,sintetica,49,0
Praça Riacho Doce,3,14,0,10,49.0,sintetica,37,0
Praça Vitória Do Povo,4,23,0,14,42.0,sintetica,99,1
Praça Simon Bolivar,3,20,0,14,53.0,sintetica,16,0
15 De Setembro,2,6,1,2,83.0,sintetica,47,0
Praça Solange Pinto Melo,1,20,1,7,74.0,sintetica,16,0
Praça Francisco Apolônio Jorge Sales,1,4,1,12,90.0,sintetica,31,1
Praça De Dona Vilma,4,3,0,1,28.0,sintetica,31,0
Praça Mercia De Albuquerque,6,21,0,5,23.0,sintetica,63,0
Praça  Zeca Barbosa,1,17,0,7,85.0,sintetica,42,0
Praça Dezessete,1,2,0,0,52.0,sintetica,54,0
Praça Alto Jose Do Pinho,0,16,0,5,51.0,sintetica,41,0
Praça Nadir Colaco,4,17,0,8,63.0,sintetica,48,0
Praça Frei Cassimiro,6,17,0,14,56.0,sintetica,41,0
Não Temos Nome,4,23,0,12,86.0,sintetica,99,0
Praça Da Paz,1,23,0,9,79.0,sintetica,19,0
Praça Alfredo Pinto,1,1,0,9,78.0,sintetica,54,0
Praça João Rique,1,12,0,1,55.0,sintetica,13,0
Praça Da Conceição,5,21,1,10,68.0,sintetica,73,1
Praça Robert Kennedy/Da Juventude,2,14,0,12,70.0,sintetica,16,0
Praça Da Av. Do Forte,3,4,0,0,27.0,sintetica,47,0
Praça Monteiro Lobato,2,2,0,1,69.0,sintetica,15,0
Av Manoel Gonsalves Da Luz,4,4,0,4,60.0,sintetica,20,0
Praça Da Rua Leonardo Da Vinci,0,4,0,5,57.0,sintetica,18,0
Praça Maria Sampaio Lucena,3,4,1,0,97.0,sintetica,39,0
Praça Campo Do Lagoão,0,2,1,6,98.0,sintetica,31,0
Praça  João Maurício Campos,6,2,0,10,74.0,sintetica,48,0
Praça Sebastião Pontes,5,19,0,3,87.0,sintetica,95,0
Praça Bomba Do Hemetério,4,22,0,8,37.0,sintetica,72,0
"R. Vidal De Negreiros,",5,17,0,14,84.0,sintetica,55,0
Praça Do Ipê,4,19,1,14,83.0,sintetica,92,1
Praça Da Travessa José Leite,0,3,0,14,31.0,sintetica,35,0
Praça Neta Araujo,0,0,1,5,60.0,sintetica,25,0
Praça Josenildo Lins,0,15,0,8,61.0,sintetica,18,0
Praça Tempo De Crescer,4,7,0,0,79.0,sintetica,32,0
Praça Gustavo Barrozo,1,16,0,3,69.0,sintetica,24,0
Praça Dancing Deys,0,7,0,1,55.0,sintetica,28,0
Praça Do Finado Leiteiro,5,6,0,5,67.0,sintetica,51,0
Praça Monteiro Lobato,6,7,0,14,90.0,sintetica,25,0
Praça Professor Barreto Campelo B,3,20,0,3,92.0,sintetica,34,0
Praça Chão De Estrelas,4,23,0,8,27.0,sintetica,62,0
Praca Da Ur6,5,11,0,13,44.0,sintetica,22,0
Praça Do Entrocamento,2,15,0,2,26.0,sintetica,55,1
Praça Do Caixito,6,11,0,0,27.0,sintetica,16,0
Superintendente João Gonçalves De Souza,2,18,0,10,95.0,sintetica,43,0
Praça Largo De Monte Verde,3,9,0,12,50.0,sintetica,23,0
Praça Vila 27 De Abril,1,6,0,10,31.0,sintetica,32,0
Parque Jonathan Marques Da Cunha,0,11,1,0,76.0,sintetica,32,0
Largo Da Paz,4,19,0,11,85.0,sintetica,62,0
Praça Da  Singapura,5,4,0,8,31.0,sintetica,22,0
Praça Ulisses Leon De Oliveira,0,15,0,8,46.0,sintetica,36,0
Praça Tamarindo,5,8,1,4,65.0,sintetica,11,0
Praça João Miguel De Souza Junior,4,6,0,14,26.0,sintetica,46,0
Praça Alberico Glasner Da Rocha,2,19,0,1,80.0,sintetica,39,0
Praça Prof João Borba Maranhão,0,21,0,8,77.0,sintetica,13,0
Praça Faca Cega,3,13,0,12,77.0,sintetica,39,0
Praça Via Mangue,1,10,0,11,32.0,sintetica,12,0
Praça Da  Boa Viagem,3,6,0,12,72.0,sintetica,23,0
Praça Virgilio De Oliveira,1,9,1,7,84.0,sintetica,20,0
Trevo Da Ur2,6,8,1,12,68.0,sintetica,49,1
Praça Maria Vitalina Gonçalves Da Rocha,5,3,0,10,54.0,sintetica,32,0
Praça Da Várzea,0,15,0,9,36.0,sintetica,50,0
Praça Ministro João Gonçalves De Souza,0,9,0,9,91.0,sintetica,57,0
Praça Alice De Albuquerque,6,18,0,5,86.0,sintetica,72,0
Praça Profeta Joseph Smith,1,23,0,6,29.0,sintetica,12,0
Praça Bomba Do Hemetério,2,16,0,11,53.0,sintetica,51,0
Praça Joca Leal,4,8,0,5,23.0,sintetica,10,0
Praça Irmã Douraci,3,12,0,14,48.0,sintetica,18,0
Praça Do Caxito,6,0,0,14,65.0,sintetica,57,0
Largo Da Encruzilhada,5,1,0,4,94.0,sintetica,18,0
Praça Centro Campo Grande,6,12,0,3,65.0,sintetica,21,0
Praça Desenhista Eulino Santos,3,23,0,6,96.0,sintetica,10,0
Praça Quartel General,3,8,0,3,78.0,sintetica,25,0
Praça André Antunes,5,6,1,9,80.0,sintetica,39,1
Thays Lucena,5,15,1,9,87.0,sintetica,17,1
Praça São Braz,0,18,0,9,85.0,sintetica,55,0
Praça Zeppelin,3,6,0,8,53.0,sintetica,55,0
Praça Riacho Doce,4,5,0,4,24.0,sintetica,19,0
Praça Sebastião Pontes,4,17,0,7,28.0,sintetica,42,0
Praça Maria Da Conceição,1,18,0,11,39.0,sintetica,47,0
Praça Da Vila Teimosinho,6,10,0,12,40.0,sintetica,50,1
Praça Da Avenida Maurício De Nassau,5,11,0,14,36.0,sintetica,31,0
Praça  João Maurício Campos,0,9,0,11,31.0,sintetica,25,0
Praça Terminal De Cajueiro,4,12,1,11,86.0,sintetica,28,1
Praça Chão De Estrelas,2,11,0,5,24.0,sintetica,20,0
Praça Sementes Do Amanhã,0,20,0,3,79.0,sintetica,20,0
Praça Dona Elizabeth,0,9,0,11,72.0,sintetica,23,0
Praça Morena Ramos,4,19,0,2,71.0,sintetica,99,1
Praça Do Tourão,2,17,0,10,97.0,sintetica,35,0
Praça Da  Boa Viagem,1,3,0,5,67.0,sintetica,53,0
Praça Deputado Fabio Correa,4,23,0,0,38.0,sintetica,97,1
Praça Dom Miguel Valverde,2,4,1,1,36.0,sintetica,29,0
Praça Do Ipê,0,4,0,6,73.0,sintetica,14,0
Praça João Rique,2,11,1,14,87.0,sintetica,10,0
Praça Quitéria,0,2,0,3,54.0,sintetica,20,0
Prc   Rua Augusto Bamberg De Melo,6,7,0,4,60.0,sintetica,56,0
Praça Do Terminal Da Guabiraba,4,21,0,14,32.0,sintetica,67,0
Praça Estevão De Sá,5,1,0,10,52.0,sintetica,56,0
Praça Da Alegria,4,17,1,9,34.0,sintetica,37,1
Quatro De Outubro,6,8,0,0,82.0,sintetica,54,0
Praça Otávio De Freitas,3,12,0,1,34.0,sintetica,56,0
Espaço Colaborativo,3,6,0,3,50.0,sintetica,43,0
Praça  João Maurício Campos,3,9,0,7,47.0,sintetica,22,0
Praça Da Rua Sargento Rubens Leite,4,8,0,9,29.0,sintetica,53,0
Praça Joca Leal,1,21,0,3,76.0,sintetica,34,0
Praça Do Entrocamento,4,14,1,13,90.0,sintetica,32,1
Praça Da Amizade,6,4,0,2,52.0,sintetica,45,0
Praça Do Internacional,6,11,0,2,26.0,sintetica,21,0
Praça Melvin Jones,5,0,0,11,24.0,sintetica,56,0
Praça Visconde De Mauá,2,11,0,4,99.0,sintetica,54,0
Praça Luiz Albacora,4,21,0,2,76.0,sintetica,81,0
Praça Da Roda De Fogo,4,5,1,7,91.0,sintetica,29,0
Praça Onze De Junho,0,18,0,4,59.0,sintetica,25,0
Praça Cívica,6,18,0,11,47.0,sintetica,98,1
Praça Cordilandia,0,15,0,13,55.0,sintetica,11,0
Parque Dona Lindu,0,18,1,11,75.0,sintetica,58,1
Praça Professor Fleming,4,2,1,13,66.0,sintetica,25,1
Praça Do Mariano Teixeira,1,22,0,6,90.0,sintetica,13,0
Praça Marcelino Champagnat,2,9,0,10,59.0,sintetica,52,0
Praça Do Campo Santo,2,17,0,7,78.0,sintetica,22,0
Nossa Senhora De Lourdes,6,12,1,4,62.0,sintetica,47,0
Praça Da Redenção,5,17,0,7,85.0,sintetica,58,0
José Vilela,6,2,0,11,28.0,sintetica,10,0
Praça Jornalista Francisco Pessoa De Queiroz,1,22,0,14,25.0,sintetica,18,0
Praça Beira Rio,1,2,0,2,84.0,sintetica,30,0
Praça Eduardo Cardoso/Gregório Albuquerque,2,22,0,14,22.0,sintetica,27,0
Pracinha Da Estação Do Barro,3,11,1,13,93.0,sintetica,52,1
Praça Da Rua Leonardo Da Vinci,0,19,0,11,56.0,sintetica,41,0
Praça Ponte D`Uchoa,0,6,0,6,52.0,sintetica,55,0
Praça Melvin Jones,2,23,0,7,28.0,sintetica,43,0
Domingos Gilvaneti,6,7,1,6,72.0,sintetica,29,0
Praça Da Esperança,1,8,1,13,96.0,sintetica,52,1
Praça Beira Rio,6,13,0,1,70.0,sintetica,11,0
Praça Ministro Salgado Filho,5,4,1,7,90.0,sintetica,13,0
Praça Do Escorrego,3,20,0,5,45.0,sintetica,54,0
Praça Clube Sargento Wolf,2,18,0,9,35.0,sintetica,47,0
Praça Lagoa Do Araça,0,20,0,2,59.0,sintetica,16,0
Praça Do Mercado Da Madalena,4,15,1,3,70.0,sintetica,31,0
Praça Da Cavalaria,6,23,1,6,58.0,sintetica,75,0
Praça Deputado Fabio Correa,1,11,0,2,74.0,sintetica,44,0
Praça Jockey Clube,4,20,0,0,55.0,sintetica,93,1
Praça Professor Barreto Campelo B,5,3,0,5,84.0,sintetica,29,0
Wilma Damasceno,2,7,1,2,96.0,sintetica,44,1
Praça Clube Sargento Wolf,6,6,0,10,64.0,sintetica,42,0
Praça A.B.C (Abc),0,14,0,14,28.0,sintetica,30,0
Prc Senhor Bartolomeu,6,5,0,9,56.0,sintetica,54,0
Praça Machado De Assis,3,4,0,5,20.0,sintetica,23,0
Praça Do Alto Da Serrinha,4,13,0,9,85.0,sintetica,40,0
Praça Lins Do Rego/Dos Brotos,3,20,0,11,82.0,sintetica,31,0
Praça Faca Cega,5,12,0,2,62.0,sintetica,57,0
Praça Alto Da Serrinha,0,9,1,5,47.0,sintetica,39,0
Praça Da Rua Riacho Doce,4,17,0,10,50.0,sintetica,38,0
Praça Da Ur5 Ibura,5,3,1,3,88.0,sintetica,45,1
Praça Desenhista Eulino Santos,3,7,0,12,27.0,sintetica,58,0
Praça Barão Da Soledade,3,23,0,3,53.0,sintetica,51,0
Praça Do Escorrego,4,10,0,9,68.0,sintetica,38,0
Praça Ana Lima Brandão,0,16,0,9,77.0,sintetica,16,0
Praça Do Caixito,3,17,0,10,94.0,sintetica,41,0
Parque Dona Lindu,2,20,0,1,66.0,sintetica,22,0
Praça Encanta Moça/Posto Policial,5,10,0,13,44.0,sintetica,22,0
Praça Da Rua Do Campo,4,15,0,3,22.0,sintetica,23,0
Praça Tamarindo,1,11,0,10,64.0,sintetica,15,0
Praça Dom José Pereira Alves,1,12,0,11,71.0,sintetica,25,0
Parque Exposição Do Cordeiro,0,15,0,3,53.0,sintetica,50,0
Praça Da Rua Carlos Gomes/ Do Cavalo Dourado,2,22,0,10,88.0,sintetica,57,0
Praça Do Entroncamento,3,20,0,6,27.0,sintetica,30,0
Praça Da Convenção,1,0,1,4,46.0,sintetica,53,0
Praça Infantil John F. Kennedy,0,15,0,7,99.0,sintetica,25,0
Praça Do Bom Pastor,5,14,0,6,82.0,sintetica,14,0
Prc   Rua Augusto Bamberg De Melo,2,5,0,9,44.0,sintetica,33,0
Praça Alto Da Serrinha,2,11,0,8,77.0,sintetica,52,0
Praça Amaro Albino Pimentel,6,7,0,7,67.0,sintetica,10,0
Praça Bambu,0,6,1,14,20.0,sintetica,19,1
Praça Da  Singapura,0,1,0,8,27.0,sintetica,52,0
Praça Arsenal Da Marinha,6,11,0,0,40.0,sintetica,56,0
Praça Flor De Santana,3,20,0,9,97.0,sintetica,44,0
Praça Clube Sargento Wolf,0,13,0,12,48.0,sintetica,40,0
Praça Jardim Uchôa,6,15,0,11,49.0,sintetica,24,0
Praça Do S,3,10,0,2,22.0,sintetica,20,0
Praça Campo Santo,3,19,0,4,26.0,sintetica,18,0
Praça Da Alegria,4,8,0,8,30.0,sintetica,11,0
Praça São Pedro,2,9,0,7,51.0,sintetica,53,0
Praça Encanamento,5,16,0,13,78.0,sintetica,39,0
Pracinha De Boa Viagem,2,11,0,9,31.0,sintetica,25,0
Praça Eça De Queiroz,2,5,0,6,98.0,sintetica,57,0
Praça Da Rua Clotilde Machado,4,18,0,1,57.0,sintetica,96,1
Praça Bambu,3,10,0,14,43.0,sintetica,57,0
Praça João Pereira Borges,3,8,0,10,84.0,sintetica,15,0
Praça Sargento Max Wolf Filho,0,20,0,5,37.0,sintetica,55,0
Praça Do Entrocamento,4,5,1,3,65.0,sintetica,20,0
Praça Dona Elizabeth,0,23,0,4,75.0,sintetica,42,0
Praça Cidade Do Porto,4,15,0,13,82.0,sintetica,26,0
Praça Do Entroncamento,0,19,0,4,26.0,sintetica,43,0
Praça Bambu,1,15,0,12,85.0,sintetica,55,0
Praça Bambu,6,5,1,3,59.0,sintetica,49,0
Praça Francisco Apolônio Jorge Sales,2,4,0,3,73.0,sintetica,34,0
Praça Av Do Forte,2,20,0,14,50.0,sintetica,31,0
Praça Do Caixito,5,3,0,3,71.0,sintetica,35,0
Praça Fernando Galvão,6,1,0,10,50.0,sintetica,36,0
Praça São José Dos Manguinhos,3,5,0,1,53.0,sintetica,47,0
Praça Izabel De Goes,5,8,0,0,26.0,sintetica,18,0
Praça Ayrton Senna,1,16,0,11,35.0,sintetica,46,0
Praça José Sales Filho,5,13,0,1,41.0,sintetica,14,0
Praça Elvira Andrade De Souza,2,6,0,6,72.0,sintetica,27,1
Praça Do Bueirão,3,21,1,11,36.0,sintetica,31,1
Prc   Rua Augusto Bamberg De Melo,1,18,0,0,23.0,sintetica,55,0
Praça Professor Trajano,2,0,0,5,80.0,sintetica,21,0
Praça Do Largo Da Ponte Do Motocolombo,6,19,0,3,71.0,sintetica,97,0
Praça Da Rua Caxangá Agape,0,14,0,1,54.0,sintetica,31,0
Pracinha Das Crianças,4,17,0,14,63.0,sintetica,15,0
Praça Herois Da Restauração /Do Buraco,1,2,0,14,34.0,sintetica,45,0
Praça Poliesportiva Da Ur4 Ibura,3,17,0,2,80.0,sintetica,36,0
Benilda Ribeiro De Souza,5,1,0,6,63.0,sintetica,56,0
Praça Dom Miguel Valverde,6,9,0,5,40.0,sintetica,24,0
Praça Arco Íris,5,10,1,14,96.0,sintetica,26,1
Praça Elvira Andrade De Souza,1,23,0,14,66.0,sintetica,12,0
Praça Do Rosarinho,6,2,0,5,94.0,sintetica,19,1
Praça Da Avenida Da Recuperação,3,6,1,7,68.0,sintetica,34,0
Praça Luz Da Fraternidade,1,7,0,7,72.0,sintetica,30,0
Praça Professor Trajano,3,18,0,5,46.0,sintetica,49,0
Praça Chico Science,5,17,0,0,50.0,sintetica,18,0
Praça Gustavo Barrozo,2,12,0,9,63.0,sintetica,33,0
Praça Da Rua Da Aurora,6,12,0,12,51.0,sintetica,41,1
Praça Sargento Max Wolf Filho,0,23,0,6,49.0,sintetica,12,0
Área Central Da Avenida José Américo De Almeida,2,18,0,7,37.0,sintetica,42,0
Praça Da Lagoa Encantada,0,22,0,4,82.0,sintetica,52,0
Praça Clotilde Machado,5,11,1,12,35.0,sintetica,54,0
Praça Dom Vital,6,16,0,10,54.0,sintetica,21,0
Praça Monteiro Lobato,2,21,1,3,81.0,sintetica,38,0
Praça Professor Agamenon Magalhães,2,11,1,6,28.0,sintetica,30,0
Praça Irmã Douraci,1,12,0,11,81.0,sintetica,48,0
Praça Doutor Júlio Campelo,4,11,1,11,58.0,sintetica,43,1
Praça Frei Cassimiro,5,18,0,10,70.0,sintetica,66,0
Praça Odília Freire Dos Santos,3,13,1,12,29.0,sintetica,41,1
Praça  Zeca Barbosa,5,6,0,5,71.0,sintetica,29,0
Praça Estevão De Sá,3,12,0,11,31.0,sintetica,12,0
Pinto Damásio,6,5,0,5,91.0,sintetica,13,0
Praça Dom Vital,3,23,0,13,81.0,sintetica,26,0
Praça Sargento Max Wolf Filho,0,18,1,2,22.0,sintetica,59,1
Parque Da Jaqueira,3,18,1,10,30.0,sintetica,26,1
Praça Ministro João Gonçalves De Souza,3,3,0,9,27.0,sintetica,28,0
Praça Das Cinco Pontas,1,18,1,14,42.0,sintetica,13,1
Pracinha De Boa Viagem,2,8,0,3,29.0,sintetica,38,0
Praça Conselheiro João Alfredo,5,15,0,4,37.0,sintetica,26,0
Praça Do Jardim São Paulo,5,3,0,8,95.0,sintetica,31,0
Praça Avenida Professor José Dos Anjos,6,5,0,7,58.0,sintetica,11,0
Praça Dr Fernando Figueira,6,7,0,2,45.0,sintetica,51,0
Praça Do Campo Santo,3,23,0,5,30.0,sintetica,21,1
Praça Da Rua Abc,4,15,0,9,29.0,sintetica,54,0
Praça Monteiro Lobato,5,4,0,0,22.0,sintetica,20,0
Praça Gustavo Barrozo,6,20,0,2,81.0,sintetica,67,0
Praça Virgilio De Oliveira,3,21,0,9,90.0,sintetica,38,0
"Praça. Ur 04 Ibura  , Junto Da Capela Nossa Senhora Aparecida Ur 4 Terminal",6,9,0,13,80.0,sintetica,29,0
Praça Silva Jardim,0,22,1,11,23.0,sintetica,14,1
Praça Da Rua Do Campo,0,12,1,6,80.0,sintetica,34,0
Praça Carmela Dutra/Ipiranga,6,13,0,6,27.0,sintetica,43,0
Praça Coronel Silva Torres,0,6,0,1,32.0,sintetica,21,0
Travessa Tiradentes,6,19,1,2,31.0,sintetica,96,0
Arnaldo Assunção,3,5,0,14,54.0,sintetica,43,0
Praça Maurício De Nassau E Duarte Coelho,1,6,0,6,73.0,sintetica,15,0
Praça Torreão,4,4,0,11,70.0,sintetica,28,0
Praça Santos Dumont,3,20,0,5,62.0,sintetica,21,0
Pracinha Das Crianças,1,17,0,12,85.0,sintetica,34,0
Praça Da Rua Sargento Rubens Leite,1,22,0,6,34.0,sintetica,22,0
Rua Maria Adelaide Castelo Branco,5,11,0,9,68.0,sintetica,26,0
Praça Da Rua Quintino Bocaiuva,3,5,0,8,53.0,sintetica,21,0
Praça Esperança,3,0,1,7,58.0,sintetica,12,0
Praça Prof João Borba Maranhão,6,3,0,5,45.0,sintetica,33,1
Não Temos Nome,1,18,0,11,88.0,sintetica,17,0
Praça Doutor Pedro Cavalcanti,1,11,0,13,67.0,sintetica,57,0
Arnaldo Assunção,1,14,0,3,70.0,sintetica,45,0
Praça Sementes Do Amanhã,6,2,1,13,23.0,sintetica,35,1
Praça Da Rua Riacho Doce,5,22,0,12,46.0,sintetica,94,1
Praça Morena Ramos,3,19,1,9,61.0,sintetica,17,1
Praça Alberico Glasner Da Rocha,1,7,0,8,75.0,sintetica,41,0
Praça  João Maurício Campos,0,10,0,6,88.0,sintetica,41,0
Parque Do Forte Do Arraial Novo Do Bom Jesus,3,15,0,4,37.0,sintetica,10,0
Praça Movicar,6,8,0,1,80.0,sintetica,12,0
Praça Dalva De Oliveira,5,2,1,8,23.0,sintetica,10,0
Praça João Stanislau,0,4,0,13,20.0,sintetica,24,0
Praça Da Rua José Pimentel,6,19,0,6,69.0,sintetica,92,0
"Praça. Ur 04 Ibura  , Junto Da Capela Nossa Senhora Aparecida Ur 4 Terminal",2,13,1,8,89.0,sintetica,29,1
Praça Esperança,3,14,0,10,39.0,sintetica,12,0
Praça Da Avenida Joselia,2,5,1,8,39.0,sintetica,24,1
Praça André Negromonte,6,3,0,9,65.0,sintetica,46,0
Praça Melvin Jones,6,7,0,4,46.0,sintetica,30,0
Praça Do Jordão,6,18,0,6,45.0,sintetica,73,0
Praça Getulio Vargas,1,4,0,4,51.0,sintetica,48,0
Praça Da Rua José Pimentel,5,12,0,14,29.0,sintetica,32,0
Praça Da Rua João Rique. Iputinga Recife,1,15,0,2,31.0,sintetica,49,0
Praça Castro Alves,5,0,0,9,93.0,sintetica,44,0
Praça Nadir Colaco,4,12,0,7,43.0,sintetica,27,0
Praça Maciel Pinheiro,1,21,0,7,70.0,sintetica,26,1
Praça Terminal De Cajueiro,2,10,1,8,57.0,sintetica,40,0
Praça Queira Deus,5,20,0,10,65.0,sintetica,91,1
Praça Professor Abdgar Soriano,1,7,0,13,27.0,sintetica,35,0
Praça Gustavo Barrozo,3,7,0,11,74.0,sintetica,31,0
Parque Do Forte Do Arraial Novo Do Bom Jesus,6,23,0,5,97.0,sintetica,95,0
Macaxeira,5,13,1,1,50.0,sintetica,45,0
Praça Padre Romano Zuferey,5,12,0,2,35.0,sintetica,44,0
Praça Da Avenida Joselia,1,2,1,12,39.0,sintetica,20,1
Praça Da Avenida Senador Robert Kennedy,4,3,0,10,57.0,sintetica,36,0
Praça Doutor Pedro Cavalcanti,1,19,0,11,34.0,sintetica,43,0
Praça Do Forte Do Brum,2,14,0,9,97.0,sintetica,27,0
Praça Da Quadra,2,14,1,10,95.0,sintetica,36,1
Academia Da Cidade,5,20,1,14,53.0,sintetica,67,1
Praça Do Paraíso,5,12,0,5,91.0,sintetica,26,0
Praça Castro Alves,1,8,1,0,38.0,sintetica,15,0
Praça Dona Elizabeth,2,9,0,13,88.0,sintetica,51,1
Praça Chayenne,2,11,1,1,82.0,sintetica,20,0
Andresa Carla Gomes Do Nascimento,4,13,0,7,96.0,sintetica,14,0
Praça Terminal De Cajueiro,3,0,0,10,51.0,sintetica,27,0
Praça Lagoa Do Araça,4,13,0,7,56.0,sintetica,34,0
Centro Social Bidu Krause,0,13,1,5,85.0,sintetica,19,0
Pinto Damásio,6,7,1,2,26.0,sintetica,50,0
Praça Quartel General,4,15,1,13,67.0,sintetica,25,1
Praça João Pessoa De Queiroz,1,13,1,1,30.0,sintetica,19,0
Praça Alto Da Serrinha,3,0,0,12,94.0,sintetica,19,0
Praça Da Conceição,1,15,1,5,50.0,sintetica,45,0
Jardim América,6,17,1,0,63.0,sintetica,30,0
Praca General Carlos Pinto,0,6,0,13,64.0,sintetica,23,0
Praça Beira Rio,3,14,0,9,91.0,sintetica,17,0
Praça Flor De Santana,5,23,0,5,75.0,sintetica,76,0
Praça Robert Kennedy / Da Juventude,2,16,1,8,51.0,sintetica,25,0
Praça Da Morena,4,18,1,6,40.0,sintetica,92,1
Praça Otávio De Freitas,1,22,1,8,50.0,sintetica,58,0
Praça Professor Calazans,0,12,1,1,20.0,sintetica,51,0
Praça Domingos Giovanetti,2,8,1,10,96.0,sintetica,15,1
Praça Jockey Clube,4,23,0,13,30.0,sintetica,84,1
Praça De Apipucos,2,23,0,4,87.0,sintetica,59,0
Praça Rita Coelho Em Cavaleiro,4,14,0,8,55.0,sintetica,11,0
Dr.Luis Ramos Leal,5,2,0,6,98.0,sintetica,18,0
Praça Ministro Salgado Filho,3,23,0,8,78.0,sintetica,14,1
Praça João Pereira Borges,2,0,1,13,86.0,sintetica,49,1
Praça Tempo De Crescer,2,15,0,10,75.0,sintetica,14,0
Praça Casarão Alto Do Ceu,2,7,0,5,70.0,sintetica,56,0
Praça Santa Lucia,3,22,0,14,48.0,sintetica,17,0
Praça Rafael De Oliveira Alves,0,12,0,6,21.0,sintetica,14,0
Sem Nome,4,7,0,9,25.0,sintetica,14,0
Praça Odon De Alencar,5,16,0,4,50.0,sintetica,26,0
Praça Virgilio De Oliveira,2,21,0,5,73.0,sintetica,18,0
Praça Da Lagoa Encantada,6,22,0,0,59.0,sintetica,92,1
Praça Amaro Albino Pimentel,3,13,0,0,36.0,sintetica,42,0
Praça Do Mercado Da Madalena,0,20,0,1,24.0,sintetica,31,0
Trevo Da Ur2,4,20,0,10,21.0,sintetica,87,1
Praça Ayrton Senna,3,6,0,13,77.0,sintetica,52,0
Praça Dr Fernando Figueira,5,14,0,3,31.0,sintetica,24,0
Praça Selecao 70,5,15,0,10,24.0,sintetica,10,0
Praça Da Igreja Nossa Senhora De Fatima,4,18,1,8,79.0,sintetica,63,1
Praça Da Rua Itacambira,2,5,0,6,60.0,sintetica,32,0
Praça Da Rua Elza Leal Wanderley,5,22,0,5,39.0,sintetica,79,1
Praça Joaquim Cardoso/Da Biblioteca,0,0,0,14,91.0,sintetica,15,0
Praça Rita Coelho Em Cavaleiro,3,11,0,0,20.0,sintetica,29,0
Praça Da Rua Guarabira,0,17,0,4,75.0,sintetica,35,0
Praça Jules Rimet,2,15,0,10,89.0,sintetica,51,0
Praça Sena Vila Cardeal E Silva - Areias,0,11,0,11,75.0,sintetica,21,0
Praça Da Rua Rosa M. De Melo,0,19,0,12,73.0,sintetica,22,0
Praça De Casa Forte,1,12,0,3,30.0,sintetica,56,0
Praça Do Cacique - Invadida Por Moradores E Comerciantes Da Área,0,7,0,4,22.0,sintetica,58,0
Praça Aúreo Xavier,4,21,0,10,47.0,sintetica,77,1
Praça Circular Do Alto Jordão,3,0,1,8,24.0,sintetica,11,0
Praça Robert Kennedy/Da Juventude,1,20,0,11,35.0,sintetica,41,0
Praça Onze De Junho,3,6,0,2,50.0,sintetica,59,0
Praça Irmã Douraci,3,14,0,3,47.0,sintetica,40,1
Espaço Colaborativo,2,21,1,7,26.0,sintetica,20,1
Praça Odon De Alencar,2,12,0,2,28.0,sintetica,46,0
Praça Batista Da Silva,1,12,0,12,58.0,sintetica,13,0
Praça Dom Diogo Camarao,5,8,0,2,62.0,sintetica,43,0
Praça Do Entrocamento,6,23,0,12,46.0,sintetica,77,1
Praça Da Rua José Pimentel,2,14,0,8,95.0,sintetica,40,0
Praça Do Entrocamento,6,3,0,4,52.0,sintetica,34,0
Praca Mauriceia,2,12,0,9,75.0,sintetica,48,0
Praça Da Alegria,2,11,0,0,21.0,sintetica,17,0
Praça Da Feb,3,4,0,6,33.0,sintetica,17,0
Pracinha Das Crianças,1,6,0,6,32.0,sintetica,43,0
Praça Esperança,3,7,0,14,43.0,sintetica,24,0
Praça Da Rua José Pimentel,4,4,0,5,88.0,sintetica,14,0
Praça Padre Romano Zuferey,3,8,1,5,53.0,sintetica,28,0
Praça Augusto Rodrigues,6,13,0,2,38.0,sintetica,19,0
Praça Parque Amorim,6,11,1,2,49.0,sintetica,18,0
"Praça. Ur 04 Ibura  , Junto Da Capela Nossa Senhora Aparecida Ur 4 Terminal",4,3,0,9,68.0,sintetica,38,0
Praça Rádio Jornal Do Comércio,0,19,0,10,62.0,sintetica,49,0
Praça Do Fundão,0,7,0,8,35.0,sintetica,46,0
Praça Cafesopolis,4,16,0,0,71.0,sintetica,28,0
Praça Boco-Moco/Da Ur 5,4,7,0,6,68.0,sintetica,22,0
Praca Da Ur6,3,20,0,12,30.0,sintetica,55,0
Praça  Da Entrada Da Ur 2,4,0,0,11,97.0,sintetica,49,0
Praça Gustavo Barrozo,1,19,0,10,66.0,sintetica,25,0
Praça Da  Singapura,0,1,0,9,98.0,sintetica,39,0
Praça João Pereira Borges,0,3,0,6,54.0,sintetica,14,0
Praça Da Cavalaria,5,23,0,7,90.0,sintetica,73,0
Praça Jules Rimet,4,20,1,5,48.0,sintetica,98,1
Praça Fernando Galvão,2,0,1,7,73.0,sintetica,28,0
Praça Professor Trajano,2,6,0,0,42.0,sintetica,26,0
Praça Do Forte Do Brum,4,0,0,0,43.0,sintetica,33,0
Praça Via Mangue,1,8,1,8,29.0,sintetica,37,0
Praça João Francisco Lisboa,2,2,1,11,80.0,sintetica,51,1
Praça Da Guabiraba,5,11,0,3,27.0,sintetica,46,0
Praça Artur Lima Cavalcanti,6,18,1,2,67.0,sintetica,72,0
Praça Solange Pinto Melo,4,14,0,5,95.0,sintetica,48,0
Praça Dona Carminha & Sr João,1,21,0,9,48.0,sintetica,25,0
Praça Da Rua Água Preta,1,15,0,11,45.0,sintetica,44,0
Pra Eudora,3,9,0,12,56.0,sintetica,36,0
Praça Luiz Americo Willians,1,21,1,11,71.0,sintetica,21,1
Praça Franco Gomes Coutinho,2,5,0,8,57.0,sintetica,55,1
Praça José Sales Filho,6,16,0,9,25.0,sintetica,37,0
Praça Do Bom Pastor,2,20,0,10,27.0,sintetica,10,0
Thays Lucena,4,21,0,3,36.0,sintetica,82,1
Praça Jornalista Antônio Teixeira Junior,6,23,0,8,95.0,sintetica,66,0
Praça Sabere,4,16,1,14,81.0,sintetica,32,1
Praça Sementes Do Amanhã,1,20,0,4,97.0,sintetica,31,0
Praça Da Avenida Maurício De Nassau,5,18,0,12,53.0,sintetica,62,0
Praça André Negromonte,0,17,1,6,38.0,sintetica,57,0
Praça Doutor Alberto Wanderley,6,10,0,2,89.0,sintetica,20,0
Praça São Braz,3,23,1,2,56.0,sintetica,27,0
Praça Luiz De Lacerda,0,6,0,11,57.0,sintetica,57,0
Praça Maria Vitalina Gonçalves Da Rocha,1,9,0,2,34.0,sintetica,16,0
Jardim América,1,6,0,7,59.0,sintetica,30,0
Praça Do Vasco Da Gama,0,4,1,13,28.0,sintetica,44,1
Praça Ministro João Gonçalves De Souza,3,11,0,5,72.0,sintetica,46,0
Praça Manuel Markman,6,15,0,8,89.0,sintetica,59,0
Praça Da Rua Da Aurora,6,20,0,8,85.0,sintetica,91,0
Parque De Santana,0,17,0,7,99.0,sintetica,26,0
Praça Das Lolitas,4,2,0,0,71.0,sintetica,42,0
Praça Do Quinze,2,19,1,5,20.0,sintetica,25,0
Praça João Miguel De Souza Junior,5,14,1,3,49.0,sintetica,24,0
Praça Noel Rodrigues,4,4,0,3,20.0,sintetica,22,1
Praça Zumbi Dos Palmares,6,12,0,2,58.0,sintetica,48,0
Praça Academia Da Saúde Alto Da Conquista,2,18,0,11,35.0,sintetica,12,0
Praça Do Jordão,5,11,0,8,36.0,sintetica,33,0
Praça Da Quadra,5,22,1,1,41.0,sintetica,63,0
Praça Raizes,5,20,1,0,50.0,sintetica,86,1
Praça Josenildo Lins,1,4,1,13,59.0,sintetica,57,1
Praça Jenner De Souza,5,5,0,14,46.0,sintetica,10,0
Praça André Antunes,3,6,0,9,55.0,sintetica,41,0
Praça Pinto Damaso,0,9,0,2,23.0,sintetica,42,0
Praça Selecao 70,6,15,0,12,88.0,sintetica,57,1
Praça Brasilit,3,7,0,14,44.0,sintetica,39,0
Praça Da Redenção,0,8,1,3,97.0,sintetica,11,0
Praça Odon De Alencar,4,3,1,3,49.0,sintetica,27,0
Praça Do Entrocamento,4,20,1,5,66.0,sintetica,81,1
Praça Doutor Pedro Alves Neto,0,20,1,0,31.0,sintetica,27,0
Praça Torreão,3,7,0,0,46.0,sintetica,14,0
Praça Boco-Moco/Da Ur 5,0,6,0,1,64.0,sintetica,14,0
Praça Jacarezinho,5,14,0,3,82.0,sintetica,17,0
Praça Da Restauração,1,20,0,6,74.0,sintetica,18,0
Praça Da Rua José Pimentel,6,2,0,5,49.0,sintetica,41,0
Praça João Stanislau,4,16,0,14,33.0,sintetica,23,0
Praça Ana Lima Brandão,6,10,0,10,75.0,sintetica,22,0
Praça Do Pirulito,1,8,0,8,38.0,sintetica,27,0
Praça Quinze De Setembro,5,4,0,6,45.0,sintetica,13,0
Praça Professor Abdgar Soriano,5,9,0,11,90.0,sintetica,59,0
"R. Vidal De Negreiros,",4,14,0,4,57.0,sintetica,31,0
Praça Arsenal Da Marinha,4,13,0,5,88.0,sintetica,29,1
Praça De Campo Grande,5,3,0,9,55.0,sintetica,24,0
Praça Mano Teodósio,2,20,1,8,37.0,sintetica,16,0
Praça Santos Dumont,6,19,0,0,76.0,sintetica,73,0
Praça João Pereira Borges,1,1,0,10,97.0,sintetica,43,0
Praça Getulio Vargas,6,11,0,8,42.0,sintetica,50,0
Praça José Da Mota Silveira,1,0,1,5,33.0,sintetica,39,0
Praça Flor De Santana,2,23,0,11,88.0,sintetica,14,0
Praça Da Rua Pinheiro Machado,3,19,1,3,41.0,sintetica,10,0
Travessa Tiradentes,1,4,1,11,47.0,sintetica,40,1
Praça Thiago Pepeta,6,5,1,4,62.0,sintetica,29,0
Praça Maciel Pinheiro,0,23,0,12,95.0,sintetica,28,0
Praça Herois Da Restauração /Do Buraco,5,10,0,0,37.0,sintetica,38,0
Praça Airton Senna,5,7,0,6,96.0,sintetica,54,0
Praça Rádio Capibaribe,2,6,0,12,55.0,sintetica,47,0
Praça Da Madalena,1,3,0,14,26.0,sintetica,19,0
José Mora De Silveira,3,5,1,14,42.0,sintetica,38,1
Bruno Soares Claudina Da Silva,1,15,1,12,53.0,sintetica,40,1
Wilma Damasceno,5,19,0,7,40.0,sintetica,79,1
Praça Maria Madalena Bispo,4,14,0,10,89.0,sintetica,32,0
Praça Da Rua José Rodrigues,0,13,1,4,99.0,sintetica,39,0
Praça Do Cacique - Invadida Por Moradores E Comerciantes Da Área,2,22,0,1,66.0,sintetica,34,0
Praça Chão De Estrelas,4,11,0,7,72.0,sintetica,25,0
Praça Jornalista Anibal Fernandes,6,11,0,9,60.0,sintetica,32,0
Praça Do Salgueiro,3,15,0,6,94.0,sintetica,42,0
Praça Da Alegria,4,14,0,9,51.0,sintetica,46,0
Praça Pinto Damaso,6,12,0,8,33.0,sintetica,37,0
Praça Othon Bezerra De Melo,4,10,0,3,36.0,sintetica,36,0
Praça Da Redenção,3,16,0,10,44.0,sintetica,15,0
Praça Da Ur5 Ibura,4,20,0,8,83.0,sintetica,99,0
Praça Do Berardo,2,14,0,3,92.0,sintetica,46,0
Praça De Boa Viagem,5,13,0,2,67.0,sintetica,15,0
Praça Arquiteta Maria Lucia,1,9,0,14,54.0,sintetica,34,0
Praça Da Rua Água Preta,4,11,1,10,56.0,sintetica,22,1
Praça Do El Salvador,2,15,0,2,74.0,sintetica,42,0
Praça Vila 27 De Abril,1,14,0,9,36.0,sintetica,42,0
Praça Dona Carminha & Sr João,6,9,1,1,47.0,sintetica,34,0
Praça Do Tourão,1,3,1,9,20.0,sintetica,23,1
Centro Social Bidu Krause,6,22,1,2,72.0,sintetica,67,0
Praca Da Ur6,4,8,0,13,92.0,sintetica,50,0
Praça Desenhista Eulino Santos,2,20,0,7,74.0,sintetica,51,0
Praça Airton Senna,5,19,1,10,80.0,sintetica,75,1
Praça Dr Fernando Figueira,4,8,1,7,32.0,sintetica,18,0
Praça Do Caixito,6,20,1,1,66.0,sintetica,64,0
Praça Da Alegria,3,23,0,10,83.0,sintetica,24,0
Praça Marcantônio Vilaça,1,19,0,1,51.0,sintetica,13,0
Av Manoel Gonsalves Da Luz,4,10,0,1,47.0,sintetica,43,0
Praça Coronel Silva Torres,6,10,0,9,72.0,sintetica,47,0
Gilvania De Oliveira Moura Sá,1,6,0,6,50.0,sintetica,26,0
Praça  João Maurício Campos,6,20,0,14,27.0,sintetica,82,1
Praça Irmã Douraci,2,9,0,5,91.0,sintetica,41,0
Praça Campo De Pelada Carlos Rios,0,3,0,11,93.0,sintetica,32,0
Praça De Apipucos,4,4,0,10,44.0,sintetica,29,0
Praça Professor Doutor Antônio Figueira,5,4,1,0,52.0,sintetica,56,0
Praça José Vieira,4,10,1,1,87.0,sintetica,11,0
Praça De Casa Forte,1,8,0,13,26.0,sintetica,30,0
Campo Do 15,2,15,0,0,85.0,sintetica,21,0
Praça Da Vtiória,6,8,1,14,65.0,sintetica,51,1
Praça Beatriz Pereira Carneiro,3,21,0,11,24.0,sintetica,58,0
Praça Vereador Carlos Duarte,5,3,0,10,36.0,sintetica,36,1
Praça São José Dos Manguinhos,2,1,0,6,95.0,sintetica,59,0
Praça Brasilit,4,13,0,5,71.0,sintetica,57,0
Praça Presidente Kennedy,3,2,0,1,31.0,sintetica,19,0
Praça Márcio Alves,2,17,0,1,81.0,sintetica,17,0
Praça Pedro Brandão,0,20,0,1,54.0,sintetica,30,0
Praça Artur Lima Cavalcanti,5,5,0,7,81.0,sintetica,31,0
Praça Gregório Bezerra,1,10,0,13,40.0,sintetica,22,0
Praça Do Alto Da Serrinha,2,20,0,6,85.0,sintetica,57,0
Praça De Apipucos,2,17,0,0,72.0,sintetica,49,0
Trevo Da Ur2,0,11,0,3,40.0,sintetica,21,0
Praça Da Gaia,4,4,0,10,34.0,sintetica,26,0
Vila Dos Bancários,6,8,0,3,94.0,sintetica,57,0
Praça Quitéria,6,19,0,6,93.0,sintetica,62,0
Praça Arquiteta Maria Lucia,5,17,0,1,42.0,sintetica,58,1
Praça A.B.C (Abc),5,18,0,3,50.0,sintetica,91,0
Praça Professor Doutor Antônio Figueira,1,2,0,0,73.0,sintetica,21,0
Praça Estevão De Sá,2,8,0,12,74.0,sintetica,18,0
Praça Da Rua Clotilde Machado,3,3,0,14,45.0,sintetica,39,0
Praça Ana Lima Brandão,2,16,0,12,72.0,sintetica,15,0
Praça Prof João Borba Maranhão,6,16,0,10,85.0,sintetica,34,0
Praça Getulio Vargas,1,22,0,10,58.0,sintetica,37,0
Praça Do Bueirão,2,22,0,3,26.0,sintetica,19,0
Praça De Boa Viagem,0,1,0,10,58.0,sintetica,50,0
Praça Fernando Galvão,6,8,1,14,51.0,sintetica,37,1
Praça José Da Mota Silveira,2,8,0,13,45.0,sintetica,38,0
Praça Palminha / Próximo Ao Núcleo Policial / Padaria Flor Do Ibura,2,4,0,0,97.0,sintetica,45,0
Praça Angélica,6,14,0,1,48.0,sintetica,20,0
15 De Setembro,3,14,0,1,44.0,sintetica,30,0
Praça Thiago Pepeta,6,2,1,11,75.0,sintetica,47,1
Praça Nossa Senhora De Fátima,0,18,0,9,50.0,sintetica,35,0
Praça Do Tourão,0,2,0,11,85.0,sintetica,27,0
Praça Tamarindo,2,5,0,2,21.0,sintetica,13,0
Thays Lucena,5,3,0,7,66.0,sintetica,53,0
Praça Alberico Glasner Da Rocha,3,23,0,10,94.0,sintetica,50,1
Praça Do Campo Santo,2,12,0,5,48.0,sintetica,24,1
Praça Torreão,6,12,1,5,68.0,sintetica,32,0
Praça Tempo De Crescer,2,10,0,8,92.0,sintetica,50,0
Praça Professora Antonia Galvão,1,4,0,7,51.0,sintetica,15,1
Praça Geraldo Vilas Boas,1,0,0,1,49.0,sintetica,52,0
Praça Encanamento,5,8,0,14,34.0,sintetica,16,0
Não Temos Nome,3,16,0,5,81.0,sintetica,55,0
Praça Morena Ramos,4,21,0,0,97.0,sintetica,82,1
Parque Doutor Arnaldo Assunção,1,0,0,12,36.0,sintetica,24,0
Praça Frei Cassimiro,4,2,0,13,41.0,sintetica,18,0
General Carlos Pinto,0,14,1,8,49.0,sintetica,39,0
Praça Beira Rio,1,20,0,3,35.0,sintetica,53,0
Pinto Damásio,1,22,0,3,71.0,sintetica,52,0
Praça Josen Demery Carneiro,3,9,0,8,27.0,sintetica,37,1
Praça Da Comunidade,5,7,0,2,83.0,sintetica,39,0
Praça Sena Vila Cardeal E Silva - Areias,4,11,0,4,58.0,sintetica,17,0
Praca Do Monteiro,6,21,0,0,50.0,sintetica,70,1
Praça São Francisco De Assis,1,14,0,5,31.0,sintetica,44,0
Praça Do Cacique - Invadida Por Moradores E Comerciantes Da Área,1,8,0,2,52.0,sintetica,35,0
Praça Chão De Estrelas,3,23,1,0,77.0,sintetica,39,0
Praça  Marciel Pinheiro,3,9,0,9,31.0,sintetica,44,0
Praça Tempo De Crescer,5,19,0,5,44.0,sintetica,71,0
Praça Da Rua Carlos Gomes/ Do Cavalo Dourado,4,8,0,13,57.0,sintetica,20,1
Parque Dona Lindu,0,14,0,11,67.0,sintetica,29,0
Praça Luiz Gonzaga,6,22,0,9,74.0,sintetica,67,0
Praça Campo Santo,5,20,0,1,22.0,sintetica,74,0
Praça João Rique,0,20,0,7,88.0,sintetica,43,0
Praça Encanamento,2,0,0,13,54.0,sintetica,21,0
Avenida Sul,1,1,0,12,70.0,sintetica,57,0
Praça Alfredo Pinto,4,18,0,14,46.0,sintetica,94,1
Praca Da Ur6,5,13,0,10,56.0,sintetica,12,0
Praça Herois Da Restauração /Do Buraco,1,7,1,11,35.0,sintetica,57,1
Praça Angélica,4,5,1,1,44.0,sintetica,51,0
Praça Da Redenção,4,11,1,3,52.0,sintetica,14,0
Praça Almirante Do Forte,4,14,0,13,81.0,sintetica,22,0
Praça Cristo Rei,1,13,0,2,36.0,sintetica,21,0
Parque Das Graças Lucia Moura,5,20,0,8,62.0,sintetica,82,0
Praça Odília Freire Dos Santos,6,0,0,1,49.0,sintetica,52,0
Praça Bomba Do Hemetério,3,10,0,2,60.0,sintetica,28,0
Praça Da Avenida Maurício De Nassau,1,2,0,6,23.0,sintetica,38,0
Praça Professor Doutor Antônio Figueira,4,18,0,3,85.0,sintetica,94,0
Praça Do Jordão,5,17,0,5,79.0,sintetica,59,0
Praça Cais Edgar Amorim,6,19,0,2,28.0,sintetica,71,0
Praça São José Dos Manguinhos,2,1,0,0,50.0,sintetica,48,0
Jardim América,0,6,0,10,88.0,sintetica,51,0
Praça Jardim Uchôa,4,7,1,5,43.0,sintetica,34,0
Praça Jornalista Francisco Pessoa De Queiroz,2,18,0,3,43.0,sintetica,25,0
Praça João Felipe Santiago,3,21,0,1,64.0,sintetica,26,0
Praça Do Campo Santo,6,14,0,6,56.0,sintetica,37,0
Quatro De Outubro,6,9,0,14,77.0,sintetica,48,0
Praça Antônio Luiz,4,21,0,9,42.0,sintetica,82,1
Praça Pinto Damaso,6,0,0,12,54.0,sintetica,58,0
Praça Nova Bettis,2,5,0,11,82.0,sintetica,14,0
Praça Professora Antonia Galvão,4,12,0,14,25.0,sintetica,10,0
Praça Da Avenida Joselia,1,13,0,12,25.0,sintetica,12,0
Praça Jornalista Anibal Fernandes,5,2,0,4,49.0,sintetica,57,0
Praça  Marciel Pinheiro,2,10,0,5,20.0,sintetica,33,0
Praça Do Heróis Da Restauração,5,2,0,5,82.0,sintetica,38,0
Praça Da Rua Rosa M. De Melo,1,18,0,13,27.0,sintetica,24,0
Praça Luiz De Lacerda,1,9,0,8,47.0,sintetica,13,0
Praça Selecao 70,5,14,1,11,52.0,sintetica,53,1
Praça Da Rua Guarabira,2,10,0,1,72.0,sintetica,10,0
Praça Do Bueirão,5,14,0,11,57.0,sintetica,58,0
Praça Professor Coelho De Almeida,5,23,0,5,71.0,sintetica,82,0
Praça Esperança,0,12,0,8,97.0,sintetica,33,0
Praça Da República,2,4,0,11,30.0,sintetica,40,0
Praça Helton Fraga,0,3,0,3,21.0,sintetica,29,0
Praça Do Ipê,4,12,1,12,72.0,sintetica,19,1
Praça  João Maurício Campos,6,8,0,11,87.0,sintetica,20,0
Thays Lucena,5,16,0,12,96.0,sintetica,27,0
Praça Solange Pinto Melo,4,1,1,12,26.0,sintetica,43,1
Praça Cosme Viana,2,23,0,10,86.0,sintetica,37,0
Pra Eudora,5,4,0,5,28.0,sintetica,47,0
Praça Jenner De Souza,6,15,0,6,97.0,sintetica,25,0
Praça Raul Soares,4,6,0,0,82.0,sintetica,33,0
Praça Da Rua José Pimentel,3,0,0,4,30.0,sintetica,48,0
Praça Tertuliano Feitosa,1,11,0,3,56.0,sintetica,21,0
Praça Compositor Antônio Maria,5,20,1,12,33.0,sintetica,70,1
Praça Da Travessa José Leite,6,10,0,12,38.0,sintetica,51,0
Praça Marcelino Champagnat,1,11,0,12,27.0,sintetica,16,0
Praça Capiba,0,18,0,9,26.0,sintetica,45,0
Quatro De Outubro,4,11,0,14,78.0,sintetica,26,0
Praça La Coruna,0,11,0,14,82.0,sintetica,58,0
Praça Professor Ageu Magalhães,6,13,0,1,26.0,sintetica,13,0
Praça Nossa Senhora De Fátima,5,1,0,1,74.0,sintetica,46,0
Praça Gonçalo Leitão,1,1,0,1,22.0,sintetica,42,0
Praça Alto Da Serrinha,1,3,0,6,86.0,sintetica,28,0
Praça Da Rua Pinheiro Machado,4,19,1,10,37.0,sintetica,99,1
Andresa Carla Gomes Do Nascimento,5,22,0,12,64.0,sintetica,90,0
Praça São Braz,3,15,0,10,55.0,sintetica,40,0
Praça José Maria Do Nascimento Paraíba/Lixão,3,9,1,3,35.0,sintetica,10,0
Praça Alfredo Pinto,4,12,0,14,98.0,sintetica,49,0
Praça Da Redenção,5,1,1,5,48.0,sintetica,45,0
Praça  Dos Brôtos,4,2,0,6,78.0,sintetica,38,1
Praça Semente Do Amanhã,5,18,0,8,37.0,sintetica,70,0
Praça Da Avenida Senador Robert Kennedy,6,5,1,10,68.0,sintetica,56,1
Praça Da Rua Príncipe Da Beira,6,18,0,1,65.0,sintetica,77,0
Praça Governador Paulo Guerra,0,20,1,9,48.0,sintetica,27,1
Nossa Senhora De Lourdes,4,19,1,11,89.0,sintetica,90,1
Praça Dr Lula Cabral De Melo,5,18,1,12,69.0,sintetica,85,1
Praça Dr Fernando Figueira,3,7,0,8,74.0,sintetica,16,0
Praça De Nova Morada,5,13,0,10,46.0,sintetica,37,0
Praça Do Ipê,6,9,0,4,26.0,sintetica,26,1
Praça Clube Sargento Wolf,5,2,1,12,60.0,sintetica,34,1
José Vilela,4,5,0,5,30.0,sintetica,27,0
Praça Barão Da Soledade,0,14,0,5,24.0,sintetica,49,0
Pinto Damásio,0,22,0,10,85.0,sintetica,52,0
Praça Encanta Moça/Posto Policial,0,22,0,2,75.0,sintetica,12,0
Praça José Bonifácio,0,17,0,10,31.0,sintetica,34,0
Praca Santa Luzia,6,13,0,10,61.0,sintetica,16,0
Fabiano Da Jora,2,18,1,9,94.0,sintetica,56,1
Praça Phaelante Da Câmara,4,9,0,6,29.0,sintetica,19,0
Praça Josenildo Paes Barreto,1,14,1,14,47.0,sintetica,53,1
Praça Professor Calazans,4,3,0,12,26.0,sintetica,53,0
Praça Da República,2,22,0,6,33.0,sintetica,28,0
Praça Da Biblia,0,1,0,7,96.0,sintetica,24,1
Parque Jonathan Marques Da Cunha,2,2,0,4,88.0,sintetica,30,0
Praça Da Rua Príncipe Da Beira,3,6,0,1,80.0,sintetica,30,0
Praça Esperança,3,22,0,14,70.0,sintetica,46,1
Praça Olavo Bilac,6,15,0,12,61.0,sintetica,37,0
Praça Da Esperança,4,9,0,2,27.0,sintetica,54,0
Praça Semente Do Amanhã,4,18,0,8,69.0,sintetica,91,0
Praça A.B.C (Abc),1,16,0,14,20.0,sintetica,50,0
Praça Tempo De Crescer,6,18,0,5,88.0,sintetica,62,0
Praça Da Biblia,1,4,0,7,30.0,sintetica,32,0
Praça Via Mangue,3,22,0,7,67.0,sintetica,19,0
Praça Da Rua Príncipe Da Beira,0,19,1,13,29.0,sintetica,49,1
Praça Raul Soares,2,12,0,4,34.0,sintetica,50,0
Praça José Sales Filho,1,12,0,0,66.0,sintetica,15,0
Praça Robert Kennedy/Da Juventude,5,10,0,5,44.0,sintetica,33,0
Praça José Sales Filho,1,10,0,6,25.0,sintetica,27,0
Amante  Das Flores,0,15,0,8,30.0,sintetica,19,0
Praça Casarão Alto Do Ceu,0,14,0,1,36.0,sintetica,24,0
Praça Do Alto Da Serrinha,4,16,0,11,34.0,sintetica,54,0
Praça De Casa Forte,2,21,0,12,35.0,sintetica,52,0
Praça Da Avenida Joselia,0,17,0,1,75.0,sintetica,43,0
Praça Encanta Moça/Posto Policial,6,18,0,9,85.0,sintetica,80,0
Praça Pantanal,1,3,0,0,55.0,sintetica,59,0
Praca Arlindo Araujo Filho,1,21,1,4,57.0,sintetica,44,0
Praça Do Sargento,3,21,0,1,94.0,sintetica,36,0
Praça Torreão,0,22,1,2,22.0,sintetica,34,0
Praça Da Rua José Fernandes Portugal,5,4,0,1,37.0,sintetica,12,0
Praça Machado De Assis,4,6,0,10,98.0,sintetica,30,0
Praça Henrique Café,2,1,0,3,73.0,sintetica,48,0
Praça João Stanislau,5,0,0,10,98.0,sintetica,41,0
Praça Da Travessa José Leite,4,11,0,2,36.0,sintetica,59,0
Praça Abelardo Rijo,1,9,0,8,32.0,sintetica,30,0
Praça Santa Eufrásia,5,7,0,9,82.0,sintetica,18,1
Praça Do Lixo Ao Luxo,4,0,0,11,33.0,sintetica,59,0
Praça Da Rua Itacambira,1,11,0,1,78.0,sintetica,10,0
Praça Dom Diogo Camarao,1,1,0,6,55.0,sintetica,13,0
Parque Da Tamarineira,1,9,0,14,37.0,sintetica,13,0
Praça De Dona Vilma,1,21,0,10,24.0,sintetica,58,0
Praça Da Rua João Rique. Iputinga Recife,6,16,0,13,33.0,sintetica,35,0
Praça Joca Leal,1,2,0,2,44.0,sintetica,43,0
Praça José Da Mota Silveira,3,6,1,9,63.0,sintetica,36,1
Praça Getulio Vargas,5,11,1,7,58.0,sintetica,24,0
Praça Quitéria,4,7,0,3,31.0,sintetica,54,1
Praça Padre Romano Zuferey,3,19,0,13,80.0,sintetica,41,0
Praça Thyago Fausto,6,11,0,3,81.0,sintetica,50,0
Praça Vitória Do Povo,3,2,0,8,72.0,sintetica,16,0
Praca Da Ur6,0,16,0,10,72.0,sintetica,53,0
Vila Do Moinho,0,8,0,2,47.0,sintetica,53,0
Praça Do Fundão,0,9,0,6,54.0,sintetica,23,0
Praça Estação Macaco,2,21,0,0,84.0,sintetica,32,0
Praça Noel Rodrigues,0,5,0,6,22.0,sintetica,56,0
Parque Doutor Arnaldo Assunção,4,0,0,9,62.0,sintetica,10,0
Praça Rodrigo Cebola,3,21,0,10,69.0,sintetica,41,0
Mariazinha,4,11,0,1,90.0,sintetica,50,0
Praça Do Alto Da Serrinha,5,4,0,11,28.0,sintetica,35,0
Praça Da Independência,0,12,0,13,55.0,sintetica,57,0
Praça Da Avenida Maurício De Nassau,6,14,1,13,42.0,sintetica,18,1
Praça Dos Pneus,2,21,0,5,93.0,sintetica,25,0
Engenho Do Meio,5,10,0,14,69.0,sintetica,40,0
Praça Pantanal,6,7,0,12,74.0,sintetica,11,0
Praça Da Rua José Pimentel,2,4,0,8,31.0,sintetica,41,0
Praça Simon Bolivar,5,1,0,5,51.0,sintetica,19,0
Praça Do Caxanga,3,11,0,2,43.0,sintetica,34,0
Praça Do Tourão,4,1,0,0,86.0,sintetica,27,0
Praça Santos Dumont,1,15,0,11,46.0,sintetica,54,0
Praça Do Comar,4,20,1,11,80.0,sintetica,96,1
Praça Sitio Grande,0,2,0,14,38.0,sintetica,38,0
Fabiano Da Jora,6,9,0,3,92.0,sintetica,54,1
Praça Vinte De Julho,1,18,0,3,70.0,sintetica,33,0
Praça Da Rua Clotilde Machado,2,7,0,12,83.0,sintetica,12,0
Praça Thiago Pepeta,3,6,0,7,96.0,sintetica,24,0
Praça Márcio Alves,3,0,0,9,21.0,sintetica,12,1
Praça De Campo Grande,2,11,1,9,55.0,sintetica,40,1
Praça Adalberto Aguiar,0,4,0,13,30.0,sintetica,19,1
Praça Cais Edgar Amorim,2,15,1,12,87.0,sintetica,47,1
Praça Do Jardim São Paulo,5,3,0,6,87.0,sintetica,31,1
Praça Ulisses Leon De Oliveira,6,16,1,9,83.0,sintetica,23,1
Praça Quitéria,6,23,0,6,20.0,sintetica,61,0
Praça Av Do Forte,0,20,0,6,45.0,sintetica,27,0
Praça Barão Da Soledade,1,1,0,11,30.0,sintetica,17,0
Praça Simon Bolivar,2,11,0,1,21.0,sintetica,47,0
Praça Sena Vila Cardeal E Silva - Areias,0,0,0,8,59.0,sintetica,24,0
Praça Henrique Café,6,11,0,5,23.0,sintetica,55,0
Praça Eça De Queiroz,1,11,0,1,99.0,sintetica,24,0
Praça Truaca/Tempo De Crescer,2,11,0,0,56.0,sintetica,15,0
Praça Dezessete,3,18,0,10,80.0,sintetica,21,0
Praça Desenhista Eulino Santos,2,16,0,0,24.0,sintetica,51,0
Praca Da Ur6,4,19,0,0,34.0,sintetica,60,0
Praça Visconde De Mauá,2,23,0,3,86.0,sintetica,49,0
Praça Maria Sampaio Lucena,4,23,0,3,45.0,sintetica,70,0
Praça Professor Fleming,1,10,0,13,25.0,sintetica,36,0
Vila.Das Lavadeiras,2,12,0,11,63.0,sintetica,19,0
Praça Do Caixito,1,7,0,8,77.0,sintetica,52,1
Praça Arari Ferreira Fonseca,1,9,0,12,65.0,sintetica,55,0
Praça Do Terço,6,7,1,11,61.0,sintetica,23,1
Praça Do Sargento,0,19,0,11,67.0,sintetica,43,0
Pracinha Das Crianças,1,7,0,0,46.0,sintetica,58,0
Praça André Antunes,1,8,0,2,39.0,sintetica,24,0
Praça Robert Kennedy/Da Juventude,6,6,1,2,89.0,sintetica,38,0
Praça Jornalista Francisco Pessoa De Queiroz,6,13,0,7,54.0,sintetica,35,0
Praça Jornalista Otávio Sarmento Cardoso/Coliseu,2,1,0,1,95.0,sintetica,36,0
Praça João Stanislau,6,10,0,5,67.0,sintetica,12,0
Praça Ulisses Leon De Oliveira,2,7,0,10,86.0,sintetica,12,0
Centro Social Bidu Krause,3,12,0,3,87.0,sintetica,44,0
Praça Da Roda De Fogo,6,20,0,12,71.0,sintetica,65,0
Praça Da  Singapura,0,14,0,9,87.0,sintetica,59,0
Praça Da Rua Joaquim De Brito,1,2,1,5,23.0,sintetica,15,0
Praça Francisco Apolônio Jorge Sales,0,22,0,12,58.0,sintetica,23,0
Praça Monsenhor Arruda Camara,4,13,0,4,40.0,sintetica,35,0
Praça Do Iml,6,14,0,11,85.0,sintetica,12,0
Parque Infantil Walt Disney,1,1,0,8,35.0,sintetica,42,0
Praça São José Dos Manguinhos,0,18,1,8,26.0,sintetica,51,0
Praça Matarazzo,6,11,1,0,28.0,sintetica,22,0
Praça Torreão,6,19,1,2,36.0,sintetica,84,1
Largo Visconde De Mauá,3,3,1,0,31.0,sintetica,18,0
Praça De Nova Morada,3,2,0,5,76.0,sintetica,41,0
Praça Campo Do Lagoão,1,4,0,11,64.0,sintetica,31,0
Jardim América,4,2,0,2,30.0,sintetica,31,0
Não Temos Nome,3,14,0,13,32.0,sintetica,43,0
Praça Santa Lucia,3,18,1,0,50.0,sintetica,19,0
Praça Da  Singapura,4,1,0,5,96.0,sintetica,34,1
Praça Da Rua Quintino Bocaiuva,0,11,0,4,45.0,sintetica,21,0
Praça Da Rua Arquiteto Luiz Nunes,3,4,1,11,82.0,sintetica,12,1
Praca Da Ur6,2,21,0,11,50.0,sintetica,28,0
Praça Das Criancas,5,16,1,7,41.0,sintetica,42,0
Praça Ayrton Senna,5,13,0,13,25.0,sintetica,56,0
Praça Do Anfiteatro,3,21,0,1,39.0,sintetica,35,0
Praça Doutor Alberto Wanderley,0,9,0,7,29.0,sintetica,22,0
Eudoro Correia,6,2,0,11,54.0,sintetica,16,0
Praça Augusto Rodrigues,0,3,0,4,45.0,sintetica,43,0
Praça Cristo Rei,1,5,0,7,90.0,sintetica,31,0
Praça Josenildo Paes Barreto,2,23,1,11,56.0,sintetica,29,1
Praça João Stanislau,0,21,0,9,27.0,sintetica,52,0
Praça Da Avenida Senador Robert Kennedy,4,15,0,3,24.0,sintetica,32,0
Praça  Zeca Barbosa,2,6,0,14,63.0,sintetica,57,1
Praça José Da Mota Silveira,5,14,1,3,86.0,sintetica,23,0
Praça Do Alto Da Serrinha,2,20,0,9,91.0,sintetica,39,0
Praça  Zeca Barbosa,4,19,0,14,98.0,sintetica,81,0
Praça Do Bueirão,3,10,0,14,68.0,sintetica,56,0
Praça André Negromonte,4,21,0,3,55.0,sintetica,94,1
Praça Da Rua Joaquim De Brito,4,20,1,13,99.0,sintetica,97,1
Praça Do Jacaré,3,0,0,10,45.0,sintetica,50,0
Praça Amaro Albino Pimentel,3,4,0,14,64.0,sintetica,45,0
Praça Nova Esperança,3,12,1,5,80.0,sintetica,15,0
Praca Esmeralda,3,20,0,3,63.0,sintetica,32,0
Praça Da Rua Riacho Doce,3,13,0,8,23.0,sintetica,19,0
Praça Pantanal,4,8,0,8,95.0,sintetica,44,0
Praça Dom José Pereira Alves,1,16,0,2,77.0,sintetica,30,0
Praça Jornalista Anibal Fernandes,1,14,0,6,45.0,sintetica,41,0
Praça Professor Paulo Silveira Do Nascimento,0,20,1,11,98.0,sintetica,39,1
Praça Professora Antonia Galvão,1,6,0,4,48.0,sintetica,42,0
Praça Da República,5,21,0,14,28.0,sintetica,79,1
Praça Da Rua João Guilherme,1,21,0,11,97.0,sintetica,14,0
Vila Do Moinho,4,11,0,8,55.0,sintetica,24,0
Praça Da Bandeira,3,22,0,1,23.0,sintetica,52,0
Praça Academia Da Saúde Alto Da Conquista,3,5,0,2,78.0,sintetica,34,0
Praça Truaca/Tempo De Crescer,6,20,0,9,56.0,sintetica,67,0
Praça Onze De Junho,6,15,0,4,32.0,sintetica,15,0
Praça Ponte D`Uchoa,6,4,0,11,39.0,sintetica,46,0
Avenida Sul,4,8,0,4,36.0,sintetica,11,0
Praça Luiz De Lacerda,5,13,0,9,70.0,sintetica,26,0
Praça Jardim Uchôa,1,7,0,11,74.0,sintetica,33,0
Praça Da Rua Caxangá Agape,4,13,0,14,52.0,sintetica,21,0
Praça Da Restauração,0,11,0,13,40.0,sintetica,53,0
Praça Da Juventude,3,9,0,13,41.0,sintetica,23,0
Praça Vila 27 De Abril,6,19,0,6,44.0,sintetica,98,1
Praça De Nova Morada,2,19,0,12,86.0,sintetica,35,1
Praça Alice De Albuquerque,0,20,0,13,31.0,sintetica,41,0
Praça José Cicílio,6,12,0,7,34.0,sintetica,38,1
Praça Ayrton Senna,5,18,0,7,21.0,sintetica,76,1
Praça André Antunes,0,14,0,13,23.0,sintetica,48,0
Pinto Damásio,4,7,0,0,64.0,sintetica,18,0
Praça Farias Neves,1,22,1,13,32.0,sintetica,23,1
Praça Da Vila Teimosinho,3,20,0,0,74.0,sintetica,26,1
Praca General Carlos Pinto,5,9,0,2,51.0,sintetica,58,1
Praça Jornalista Otávio Sarmento Cardoso/Coliseu,5,2,0,0,41.0,sintetica,34,0
Praça Do Quinze,2,20,0,0,74.0,sintetica,39,1
Praça Do Lixo Ao Luxo,0,2,1,9,36.0,sintetica,54,1
Praça Souto Filho,2,4,0,7,89.0,sintetica,38,0
Praça Josen Demery Carneiro,1,15,0,0,70.0,sintetica,38,0
Praça Heiji Gemba,6,16,0,8,99.0,sintetica,27,0
Praça El Salvador,1,5,0,1,27.0,sintetica,40,0
Praça Dr Fernando Figueira,6,19,0,8,80.0,sintetica,84,0
Praça Deputado Fabio Correa,2,19,0,13,29.0,sintetica,26,0
Praça El Salvador,3,15,0,6,38.0,sintetica,15,0
Praça Domingos Giovanetti,1,23,0,8,33.0,sintetica,21,0
Praça Da Rua Arquiteto Luiz Nunes,2,1,0,2,86.0,sintetica,47,0
Praça Monsenhor Arruda Camara,0,19,0,0,74.0,sintetica,12,0
Praça Alfredo Ozório,2,14,0,0,80.0,sintetica,56,0
Praça Chão De Estrelas,2,17,0,10,75.0,sintetica,44,0
Praça Flor De Santana,4,0,0,14,82.0,sintetica,56,0
Praça Vereador Carlos Duarte,1,18,1,9,30.0,sintetica,42,1
Praça Da Vila Teimosinho,3,11,1,5,66.0,sintetica,38,0
Praça Farias Neves,3,7,0,6,25.0,sintetica,12,0
Praça Do Terminal Da Guabiraba,4,5,0,8,53.0,sintetica,14,0
Praça Maurício De Nassau E Duarte Coelho,6,11,1,5,84.0,sintetica,23,0
Largo Visconde De Mauá,5,6,0,4,83.0,sintetica,45,0
Praça Da Rua Caxangá Agape,6,17,0,13,97.0,sintetica,37,0
Praça Da Biblia,3,21,0,1,85.0,sintetica,50,0
Praça Do Jordão,2,13,0,1,50.0,sintetica,41,0
Praça Da Biblia,4,7,0,7,81.0,sintetica,27,0
Praça Morena Ramos,0,23,0,14,73.0,sintetica,51,0
Campo Do Imperio,1,19,0,0,27.0,sintetica,49,0
Praça Da Rua Abc,1,21,0,7,61.0,sintetica,22,0
Praça Monteiro Lobato,1,13,0,10,60.0,sintetica,11,1
Praça Da Rua Do Campo,2,4,0,9,78.0,sintetica,34,0
Praça Do Caiara,0,8,0,10,59.0,sintetica,29,0
Praça Casarão Alto Do Ceu,4,7,0,6,41.0,sintetica,16,0
Praça Pedro Brandão,4,1,1,6,43.0,sintetica,20,0
Praça João Stanislau,1,15,1,4,57.0,sintetica,14,0
Praça Da Rua Sargento Rubens Leite,0,12,1,2,21.0,sintetica,38,0
Viaduto Da Via Mangue,0,6,0,6,60.0,sintetica,27,0
Praça Da Rua Pinheiro Machado,0,15,0,6,38.0,sintetica,17,0
Praça Dr Fernando Figueira,3,6,0,6,21.0,sintetica,36,0
Praça Camilo Pereira Carneiro,3,13,0,11,81.0,sintetica,51,0
José Mora De Silveira,1,13,0,14,35.0,sintetica,11,0
Largo Da Paz,0,11,0,14,41.0,sintetica,44,0
Praça Da Rua Quintino Bocaiuva,5,0,0,10,33.0,sintetica,35,0
Praça Da Rua Arquiteto Luiz Nunes,0,0,0,1,75.0,sintetica,32,0
Praça  Zeca Barbosa,4,11,0,2,84.0,sintetica,14,0
Espaço Colaborativo,4,19,0,2,64.0,sintetica,97,0
Praça De Campo Grande,1,20,0,3,73.0,sintetica,51,0
Praça  Da Entrada Da Ur 2,5,14,0,11,85.0,sintetica,20,0
Praça Truaca/Tempo De Crescer,0,3,1,8,65.0,sintetica,28,0
Praça Presidente Kennedy,6,6,0,9,52.0,sintetica,25,0
Largo Da Paz,5,15,0,14,98.0,sintetica,41,0
Praça Da Portelinha,1,2,0,0,69.0,sintetica,21,0
Praça  Da Entrada Da Ur 2,4,6,1,14,41.0,sintetica,11,0
Praça Cristo Rei,6,23,0,14,59.0,sintetica,82,1
Praça Compositor Antônio Maria,4,21,0,11,58.0,sintetica,89,1
Praça Neta Araujo,3,5,1,6,60.0,sintetica,35,0
Praça Poço Da Panela,1,15,0,6,94.0,sintetica,42,0
Praça De Nova Morada,1,23,0,10,87.0,sintetica,33,1
Praça Monteiro Lobato,0,7,0,3,26.0,sintetica,14,0
Praça Mercia De Albuquerque,0,22,0,12,90.0,sintetica,30,0
Praça Professor Ageu Magalhães,3,21,0,10,23.0,sintetica,55,1
Praça Camilo Pereira Carneiro,6,5,0,0,95.0,sintetica,27,0
Praça Jockey Clube,2,9,0,2,78.0,sintetica,48,0
Praça Da Avenida General San Martin,5,15,0,4,45.0,sintetica,14,0
Largo Visconde De Mauá,2,10,0,11,50.0,sintetica,17,0
Praça Jornalista Francisco Pessoa De Queiroz,2,12,0,1,92.0,sintetica,30,0
Parque Do Jiquiá,1,5,0,6,88.0,sintetica,56,0
Praça Da Várzea,5,23,0,13,71.0,sintetica,64,0
Peixinhos,1,0,0,9,91.0,sintetica,22,0
Praça Do Conjunto Habitacinal Josue Pinto,5,20,0,9,40.0,sintetica,86,1
Praça Alto Jose Do Pinho,4,18,0,6,35.0,sintetica,96,1
Parque Da Tamarineira,1,11,0,11,70.0,sintetica,11,0
Praça Arsenal Da Marinha,1,23,0,9,35.0,sintetica,46,0
Praça Professor Coelho De Almeida,1,5,1,4,37.0,sintetica,35,1
Praça Artur Lima Cavalcanti,6,17,0,14,66.0,sintetica,38,0
Praça Da Quadra,3,12,0,11,75.0,sintetica,14,0
Praça Professor Calazans,1,6,0,9,47.0,sintetica,41,0
Praça Simão Borba,0,22,0,14,97.0,sintetica,47,0
Praça Do Comar,0,12,0,5,75.0,sintetica,57,0
Praça Salgueiro,5,20,0,0,56.0,sintetica,62,0
Praça Nossa Senhora De Fátima,4,7,0,3,35.0,sintetica,14,0
Praça Professor Barreto Campello,3,20,0,3,84.0,sintetica,56,0
Praça Irmã Douraci,6,16,0,10,79.0,sintetica,42,0
Praça Professor Agamenon Magalhães,5,8,0,7,80.0,sintetica,44,0
Praça Dom José Pereira Alves,0,19,0,14,30.0,sintetica,28,0
Praça Amaro Albino Pimentel,3,12,0,1,94.0,sintetica,24,0
Praça André Negromonte,3,1,0,0,85.0,sintetica,44,0
Praça Bernardo Vieira De Melo,4,3,0,6,51.0,sintetica,17,0
Av Manoel Gonsalves Da Luz,3,1,0,5,38.0,sintetica,56,0
Andresa Carla Gomes Do Nascimento,1,3,1,4,75.0,sintetica,10,0
Praça Arquiteta Maria Lucia,3,17,0,11,24.0,sintetica,47,0
Praça Professor Paulo Silveira Do Nascimento,4,4,0,12,22.0,sintetica,31,0
Praça Batista Da Silva,5,18,0,12,47.0,sintetica,91,1
Praça Pantanal,4,9,0,12,91.0,sintetica,25,0
Praça Do Trabalho,6,17,0,7,48.0,sintetica,54,0
Parque Jonathan Marques Da Cunha,4,20,0,10,96.0,sintetica,94,0
Praça Encanta Moça/Posto Policial,0,9,0,14,78.0,sintetica,12,0
Praça Helton Fraga,1,4,1,12,44.0,sintetica,15,1
Praça Via Mangue,0,16,0,1,41.0,sintetica,12,0
Praça Via Mangue,5,21,1,1,90.0,sintetica,60,0
Praça Clube Sargento Wolf,2,12,0,8,42.0,sintetica,39,0
Praça José Bonifácio,5,22,0,0,89.0,sintetica,94,0
Praça Tobias Vitorino Da Silva,1,16,0,5,98.0,sintetica,20,0
Praça Quartel General,3,8,0,12,98.0,sintetica,36,0
Largo Da Encruzilhada,4,23,0,12,59.0,sintetica,95,1
Praça Da Vila Teimosinho,2,11,0,2,33.0,sintetica,15,0
Praça Do Trabalho,1,13,1,14,48.0,sintetica,47,1
Praça Jardim Uchôa,0,13,1,12,35.0,sintetica,50,1
Praça Estevão De Sá,4,7,0,4,29.0,sintetica,55,0
Praça Da Travessa José Leite,5,22,0,7,66.0,sintetica,64,1
Praça Via Mangue,0,4,0,6,23.0,sintetica,52,0
Praça Neta Araujo,1,18,0,12,31.0,sintetica,15,0
Praça Clotilde Machado,1,13,0,11,61.0,sintetica,59,1
Praça Jules Rimet,5,8,1,3,23.0,sintetica,29,0
Dr.Luis Ramos Leal,2,6,0,7,25.0,sintetica,56,0
Praça Das Cinco Pontas,5,7,0,10,33.0,sintetica,50,0
Praça  João Maurício Campos,3,13,0,10,54.0,sintetica,20,0
Praça Chão De Estrelas,0,21,0,9,66.0,sintetica,11,0
Praça Dom Vital,2,13,0,10,77.0,sintetica,40,0
Praça Zumbi Dos Palmares,4,10,0,13,84.0,sintetica,47,0
Praça Pantanal,6,13,1,1,38.0,sintetica,35,0
Praça Morena Ramos,3,20,0,6,76.0,sintetica,36,0
Praça Da Esperança,2,7,0,4,84.0,sintetica,55,0
Praça Professor Agamenon Magalhães,6,2,0,10,32.0,sintetica,55,0
Praça Matarazzo,6,22,1,5,27.0,sintetica,63,0
Praça João Pessoa De Queiroz,0,17,1,2,37.0,sintetica,33,0
Praça Isabel Cabral,1,2,0,10,54.0,sintetica,22,0
Praça Ascenço Ferreira,4,12,0,9,45.0,sintetica,34,0
Praça Miguel De Cervantes,5,11,1,6,57.0,sintetica,46,0
Praça Do Bueirão,0,14,0,6,85.0,sintetica,50,0
Barreirão,3,17,0,1,45.0,sintetica,34,0
Praça Ulisses Leon De Oliveira,6,4,0,0,76.0,sintetica,38,0
Praça Da Convenção,3,6,0,9,44.0,sintetica,40,0
Praça El Salvador,6,10,1,1,49.0,sintetica,52,0
Praça Amaro Albino Pimentel,1,10,0,11,26.0,sintetica,48,0
Largo Visconde De Mauá,1,14,0,7,46.0,sintetica,11,0
Arlindo Gouveia,4,9,0,10,30.0,sintetica,21,0
Praça Amaro Albino Pimentel,5,14,0,9,27.0,sintetica,14,0
Praça Cais Edgar Amorim,4,12,0,2,30.0,sintetica,36,0
Sem Nome,1,13,0,10,49.0,sintetica,43,0
Praça Do Finado Leiteiro,1,16,0,3,34.0,sintetica,23,0
Parque Sítio Da Trindade/Arraial V. Do Bom Jesus,3,12,0,7,75.0,sintetica,16,1
Praça Conselheiro João Alfredo,1,9,1,2,54.0,sintetica,46,0
Praça Vale Do Siriji,2,0,1,5,58.0,sintetica,45,0
Praça José Sales Filho,6,0,1,1,43.0,sintetica,19,0
Praça Do Fundão,0,14,0,2,27.0,sintetica,38,0
Praça Geraldo Vilas Boas,1,15,0,0,62.0,sintetica,25,0
Praça Da Igreja,4,11,1,8,61.0,sintetica,47,0
Praça Do Moinhos,5,23,0,3,60.0,sintetica,86,0
Praça Da Rua 03,6,5,0,5,66.0,sintetica,47,0
Praça Do Ipê,6,5,0,14,45.0,sintetica,50,0
Praça Do Salgueiro,5,11,1,6,71.0,sintetica,42,0
Parque Treze De Maio,5,14,0,1,41.0,sintetica,38,0
Praça Das Criancas,6,3,0,7,24.0,sintetica,57,0
"R. Vidal De Negreiros,",2,23,0,11,34.0,sintetica,26,0
Praca Mauriceia,4,3,0,8,55.0,sintetica,22,0
Praça Antonio Bezerra Pontes,2,1,1,13,82.0,sintetica,15,1
Praça Capiba,1,23,0,9,98.0,sintetica,11,0
Praça Das Lolitas,0,11,0,10,68.0,sintetica,17,0
Praça Pedro Brandão,5,6,1,1,74.0,sintetica,41,0
Praça Arsenal Da Marinha,4,19,0,4,91.0,sintetica,75,0
Praça Do Fundão,5,8,0,1,79.0,sintetica,18,0
Praça De Campo Grande,2,8,0,10,76.0,sintetica,32,0
Mariazinha,3,7,0,4,48.0,sintetica,16,0
Praça De Nova Morada,1,13,1,6,38.0,sintetica,40,0
Praça Sargento Max Wolf Filho,0,0,0,5,92.0,sintetica,30,0
Praça Alto Jose Do Pinho,1,22,1,3,29.0,sintetica,10,0
Praca Do Monteiro,3,20,0,13,29.0,sintetica,55,0
Praça Da Rua Pinheiro Machado,0,22,0,1,76.0,sintetica,11,0
Praça Jornalista Otávio Sarmento Cardoso/Coliseu,3,11,0,6,73.0,sintetica,49,0
Praça Da Esperança,1,1,0,11,75.0,sintetica,20,0
Praça Da Restauração,2,12,0,9,87.0,sintetica,46,0
Praça Quinze De Setembro,6,3,0,8,88.0,sintetica,27,0
Praça Da Rua Clotilde De Machado I E Ii,1,19,0,0,74.0,sintetica,53,0
Praça Heiji Gemba,1,17,0,2,88.0,sintetica,33,0
Praça Do Caiara,1,18,0,6,91.0,sintetica,28,1
Praça Sitio Grande,4,15,0,14,20.0,sintetica,14,0
Praça Da Avenida Engenheiro Abdias De Carvalho,3,13,0,13,31.0,sintetica,38,0
Praça Parque Amorim,3,7,0,8,54.0,sintetica,48,0
Praca Da Ur6,5,11,1,12,97.0,sintetica,11,1
Praça Abelardo Rijo,3,8,0,4,93.0,sintetica,26,0
Praça Boco-Moco/Da Ur 5,5,5,0,6,98.0,sintetica,54,0
Praça Manuel Markman,4,17,0,14,52.0,sintetica,20,0
Praça Do Rosarinho,2,1,0,9,44.0,sintetica,46,0
Praça Luiz Albacora,5,22,1,6,35.0,sintetica,89,1
Praça Da Ur5 Ibura,1,7,0,3,27.0,sintetica,38,0
Amante  Das Flores,2,23,1,4,54.0,sintetica,41,0
Parque Do Jiquiá,6,13,0,1,65.0,sintetica,54,0
Praça Truaca/Tempo De Crescer,4,5,1,7,30.0,sintetica,49,0
Praça Doutor Pádua Walfrido,3,9,0,11,80.0,sintetica,52,0
Praça Torreão,5,7,0,14,63.0,sintetica,17,0
Praça Doutor Pádua Walfrido,1,16,0,14,30.0,sintetica,19,0
Praça Da Ur5 Ibura,0,11,0,0,30.0,sintetica,34,0
Praça Chayenne,6,16,0,1,41.0,sintetica,20,0
Praça Maurício De Nassau E Duarte Coelho,0,12,0,11,81.0,sintetica,37,0
Praça Alfredo Pinto,2,18,0,2,67.0,sintetica,42,0
Largo Do Holandes,3,11,0,6,82.0,sintetica,48,0
Praça Jornalista Otávio Sarmento Cardoso/Coliseu,0,15,0,5,70.0,sintetica,35,0
Praça Governador Paulo Guerra,2,4,1,13,64.0,sintetica,17,1
Praça Do S,4,15,0,6,52.0,sintetica,47,0
Praça Zeppelin,2,5,0,10,79.0,sintetica,35,0
Praça Desembargador Carlos Xavier Paes Barreto,6,10,1,4,21.0,sintetica,41,0
Praça Da Ur5 Ibura,2,16,0,13,32.0,sintetica,55,0
Praça Quartel General,6,22,0,3,85.0,sintetica,79,0
Praça Arquiteta Maria Lucia,2,13,0,14,76.0,sintetica,16,0
Praça Sementes Do Amanhã,1,5,1,14,62.0,sintetica,44,1
Avenida Sul,2,22,0,6,64.0,sintetica,11,0
Praça André Antunes,5,10,0,2,50.0,sintetica,31,1
Praça Do Fundão,2,11,0,12,29.0,sintetica,59,0
Praça São José Dos Manguinhos,1,12,0,9,42.0,sintetica,31,0
Praça Vitória Do Povo,1,3,0,6,48.0,sintetica,12,0
Praça Sitio Grande,4,6,0,1,50.0,sintetica,55,0
Praça Chayenne,6,1,0,11,97.0,sintetica,59,0
Praça Queira Deus,3,5,1,11,93.0,sintetica,54,1
Thays Lucena,0,5,0,7,37.0,sintetica,17,0
Praça Zeppelin,0,17,0,11,30.0,sintetica,13,0
Praça Da Avenida Senador Robert Kennedy,2,19,0,5,66.0,sintetica,24,0
Domingos Gilvaneti,4,7,0,11,22.0,sintetica,53,0
Parque Do Jiquiá,2,7,0,14,21.0,sintetica,55,0
Praça Simon Bolivar,0,7,0,2,73.0,sintetica,48,0
Praça 3º Jardim De Boa Viagem,6,7,0,2,91.0,sintetica,21,0
Praça Da Comunidade,6,0,0,4,50.0,sintetica,38,0
Praça Estação Macaco,6,1,1,2,27.0,sintetica,18,0
Praça Parque Amorim,1,11,0,5,62.0,sintetica,51,0
Jardim América,3,14,0,1,67.0,sintetica,49,0
Praça Geraldo Vilas Boas,4,3,0,7,21.0,sintetica,29,0
José Vilela,1,2,0,12,41.0,sintetica,43,0
Praça Professor Coelho De Almeida,3,13,0,10,24.0,sintetica,35,0
Praça Da Vila Teimosinho,4,21,1,11,26.0,sintetica,61,1
Praça Clotilde Machado,4,22,0,10,39.0,sintetica,89,1
Praça Da Vila Teimosinho,0,7,0,8,96.0,sintetica,32,0
Praça Vinte De Julho,1,12,0,12,21.0,sintetica,27,0
Nossa Senhora De Lourdes,4,22,0,14,51.0,sintetica,92,1
Praça Clotilde Machado,5,18,0,6,22.0,sintetica,98,1
Horta Comunitária De Casa Amarela,6,21,0,13,60.0,sintetica,88,0
Praça Getulio Vargas,4,4,0,2,61.0,sintetica,47,0
Praça La Coruna,3,12,0,10,96.0,sintetica,47,0
Praça Do Tourão,0,19,0,13,64.0,sintetica,22,0
Praça Virgilio De Oliveira,2,0,0,9,90.0,sintetica,41,0
Praça Do El Salvador,6,15,0,3,36.0,sintetica,28,0
Praça Da Bandeira,0,22,0,11,66.0,sintetica,26,0
Praça Faca Cega,2,23,0,9,88.0,sintetica,11,0
Praça Jornalista Francisco Pessoa De Queiroz,1,1,0,1,43.0,sintetica,27,0
Praça São Francisco/Amante Das Flores,1,6,1,8,90.0,sintetica,48,1
Praça Jardim Uchôa,4,5,0,13,53.0,sintetica,36,0
Praça Dalva De Oliveira,5,4,0,4,69.0,sintetica,23,0
Praça Profeta Joseph Smith,1,3,0,11,61.0,sintetica,24,0
Vila Do Moinho,4,1,0,1,52.0,sintetica,17,0
Praça Da Portelinha,6,9,0,9,46.0,sintetica,18,0
Praça Sitio Grande,0,21,0,5,97.0,sintetica,30,0
Praça Simão Borba,1,4,1,6,78.0,sintetica,52,0
Praça  Dos Brôtos,0,17,1,12,38.0,sintetica,44,0
Praça Josenildo Paes Barreto,0,9,1,1,95.0,sintetica,23,0
Praça Dom Miguel Valverde,5,22,0,14,22.0,sintetica,87,1
Aritana,1,21,1,0,90.0,sintetica,17,0
Praça Da Esperança,0,14,0,12,44.0,sintetica,44,0
Praça Dona Elizabeth,5,8,0,6,34.0,sintetica,27,0
Praça José Maria Do Nascimento Paraíba/Lixão,5,10,0,0,79.0,sintetica,23,0
Praça Da Rua Junqueira Freire,1,20,0,2,42.0,sintetica,17,1
Praça Arsenal Da Marinha,5,16,0,3,30.0,sintetica,58,0
Praça Professor Trajano,1,20,0,1,78.0,sintetica,17,0
Praça Da Bandeira,1,8,0,6,53.0,sintetica,46,0
Praça Da Rua Da Aurora,2,22,1,4,26.0,sintetica,53,0
Praça Da Madalena,0,15,0,0,63.0,sintetica,11,0
A Praça É Nossa,3,5,0,11,83.0,sintetica,26,0
Praça Da Avenida Maurício De Nassau,1,21,0,11,42.0,sintetica,22,1
Praça Zeppelin,0,10,1,7,77.0,sintetica,23,0
Praça Do Anfiteatro,6,22,0,9,39.0,sintetica,73,0
Praça De Dona Vilma,5,16,0,6,46.0,sintetica,50,0
Praça Poço Da Panela,4,3,1,3,79.0,sintetica,18,0
Praça Estevão De Sá,1,14,0,1,27.0,sintetica,36,0
Praça Henrique Café,5,0,0,14,86.0,sintetica,29,0
Praça Nossa Senhora De Fátima,5,21,0,6,21.0,sintetica,72,0
Praça Professor Abdgar Soriano,5,19,0,10,41.0,sintetica,75,0
Praça Nossa Senhora De Fátima,5,0,1,1,89.0,sintetica,51,0
Travessa Tiradentes,5,8,0,5,55.0,sintetica,31,0
Vila Do Moinho,1,11,1,0,43.0,sintetica,46,0
A Praça É Nossa,6,3,1,13,31.0,sintetica,59,1
Praça Saturnino De Brito,3,21,0,6,41.0,sintetica,48,0
Praça Da Avenida General San Martin,2,12,0,6,92.0,sintetica,40,0
Praça Maria Vitalina Gonçalves Da Rocha,5,6,1,11,95.0,sintetica,22,1
Praça Phaelante Da Câmara,5,7,0,3,42.0,sintetica,10,0
Praça Arão Botler,2,12,0,3,93.0,sintetica,47,0
Praça Do Jardim São Paulo,6,10,0,14,82.0,sintetica,49,0
Praça Alice De Albuquerque,6,8,0,9,49.0,sintetica,18,0
Amante  Das Flores,1,23,1,4,38.0,sintetica,48,0
Praça Jornalista Francisco Pessoa De Queiroz,0,15,0,1,45.0,sintetica,19,0
Praça Isabel Cabral,4,9,0,8,30.0,sintetica,38,0
Praça Mercia De Albuquerque,4,10,1,9,39.0,sintetica,49,1
Praça Agamenon Magalhães,0,11,1,3,75.0,sintetica,39,0
Praça Do Paraíso,1,13,0,10,64.0,sintetica,11,0
Praça Dom Miguel Valverde,4,18,1,8,87.0,sintetica,86,0
Macaxeira,6,11,0,13,66.0,sintetica,37,0
Praça Do Mariano Teixeira,2,17,0,2,95.0,sintetica,56,0
Praça Da Madalena,0,20,1,8,77.0,sintetica,41,0
Praça Da Rua José Rodrigues,6,16,0,0,29.0,sintetica,33,0
Praça Parque Amorim,3,2,0,6,41.0,sintetica,47,0
Praça Do Jordão,1,0,0,3,90.0,sintetica,23,0
Praça Luz Da Fraternidade,0,18,0,6,43.0,sintetica,34,0
Praça Sebastião Pontes,4,3,1,13,85.0,sintetica,34,1
Praça Do Cacique - Invadida Por Moradores E Comerciantes Da Área,1,22,0,9,80.0,sintetica,41,0
Parque De Santana,2,15,0,14,26.0,sintetica,36,0
Praça Beatriz Pereira Carneiro,1,11,0,5,91.0,sintetica,41,0
Pra Eudora,1,20,1,3,57.0,sintetica,40,0
Praça Casarão Alto Do Ceu,2,20,0,3,40.0,sintetica,59,0
Praça Do Tourão,5,12,0,7,27.0,sintetica,33,0
Praça José Vieira,2,16,0,6,47.0,sintetica,44,1
Praça Desenhista Eulino Santos,6,7,0,3,73.0,sintetica,39,0
Praça Márcio Codonga,1,12,0,10,50.0,sintetica,42,0
Praça Francisco Apolônio Jorge Sales,2,19,0,5,60.0,sintetica,42,0
Praça Santa Eufrásia,5,4,1,5,56.0,sintetica,55,1
Praça Do Pirulito,6,17,0,0,57.0,sintetica,36,0
Praça Cristo Rei,0,14,0,12,70.0,sintetica,42,0
Praça Souto Filho,2,11,0,1,95.0,sintetica,42,0
Praça Abelardo Baltar,2,16,0,3,56.0,sintetica,13,0
Praça Gildo Macedo Lacerda,1,14,0,5,50.0,sintetica,39,0
Praça Professora Antonia Galvão,6,1,0,5,81.0,sintetica,53,0
Praça Do El Salvador,0,5,0,0,37.0,sintetica,24,0
Praça Do Alto Da Serrinha,3,16,0,7,25.0,sintetica,38,0
Praça De Frente A Chesf,3,15,0,1,28.0,sintetica,37,0
"Praça. Ur 04 Ibura  , Junto Da Capela Nossa Senhora Aparecida Ur 4 Terminal",4,16,0,12,30.0,sintetica,41,0
Praça Da Rua Clotilde De Machado I E Ii,2,19,0,4,21.0,sintetica,45,0
Praça Desembargador Carlos Xavier Paes Barreto,2,8,0,3,48.0,sintetica,39,0
Praça Quinze De Setembro,0,4,0,4,70.0,sintetica,51,0
Praça Riacho Doce,5,22,1,4,88.0,sintetica,97,0
Praça Do Heróis Da Restauração,3,0,0,14,42.0,sintetica,47,0
Praça Neta Araujo,4,5,0,9,26.0,sintetica,51,0
Trevo Da Ur2,0,23,1,7,75.0,sintetica,21,0
Praça Beira Rio,2,13,0,9,96.0,sintetica,12,0
Campo Do 15,3,16,1,6,81.0,sintetica,24,0
Praça Da Cavalaria,6,18,0,11,93.0,sintetica,63,0
Praça Do Candieiro,4,0,0,13,99.0,sintetica,19,0
Praça Da Várzea,1,0,0,8,34.0,sintetica,31,1
Praça Professor Ageu Magalhães,3,12,1,11,72.0,sintetica,32,1
Praça Doutor Alberto Wanderley,4,13,0,10,62.0,sintetica,20,0
Praça Alfredo Pinto,0,5,0,12,54.0,sintetica,25,0
Praça Da Feb,1,5,0,14,98.0,sintetica,58,0
Praça Maracangaia,4,0,0,0,33.0,sintetica,55,0
Praça Rafael De Oliveira Alves,4,13,0,5,88.0,sintetica,25,0
Praça Marcelino Champagnat,2,2,0,5,68.0,sintetica,23,0
Praça El Salvador,5,22,0,1,37.0,sintetica,78,1
Praça Da Rua Quintino Bocaiuva,3,9,0,10,70.0,sintetica,51,0
Praça Torreão,2,18,0,7,20.0,sintetica,26,1
Praça Da Rua José Fernandes Portugal,6,18,0,5,46.0,sintetica,87,1
Praça Gonçalo Leitão,1,18,0,10,83.0,sintetica,51,0
Eudoro Correia,5,22,0,12,79.0,sintetica,84,0
Praça Quinze De Setembro,4,3,1,9,60.0,sintetica,55,1
Praça Josenildo Paes Barreto,2,19,0,8,40.0,sintetica,29,0
Praça Do Finado Leiteiro,5,18,0,9,33.0,sintetica,69,0
Viaduto Da Via Mangue,6,9,0,4,39.0,sintetica,18,0
Praça Da Biblia,3,1,0,6,30.0,sintetica,24,0
Praça Maurício De Nassau E Duarte Coelho,6,3,0,5,85.0,sintetica,48,0
Largo Visconde De Mauá,1,23,0,10,43.0,sintetica,11,0
Praça Filonila Ferreira,0,5,0,14,56.0,sintetica,13,1
Praça José Vieira,2,6,1,4,43.0,sintetica,33,0
Praça Professor Doutor Antônio Figueira,1,15,1,5,34.0,sintetica,27,1
Praça João Francisco Lisboa,0,6,0,3,31.0,sintetica,20,0
Praça Jacarezinho,2,17,0,2,83.0,sintetica,46,0
Praça João Miguel De Souza Junior,1,19,1,12,50.0,sintetica,35,1
Praça Presidente Kennedy,6,21,0,0,72.0,sintetica,80,0
Praça Novaes Filho,1,18,0,0,91.0,sintetica,31,0
Horta Comunitária De Casa Amarela,5,8,0,5,63.0,sintetica,14,0
Praça Oswaldo Cruz,6,19,0,13,49.0,sintetica,98,1
Praça Monsenhor Arruda Camara,2,9,0,8,54.0,sintetica,14,0
Praça Vila 27 De Abril,1,12,1,7,40.0,sintetica,44,0
Praça Da Morena,4,17,1,11,82.0,sintetica,41,1
Praça Matarazzo,2,15,0,1,36.0,sintetica,53,0
Mariazinha,1,21,1,8,31.0,sintetica,28,0
Praça Carmela Dutra/Ipiranga,5,16,0,7,37.0,sintetica,48,0
Praça Da Biblia,0,21,0,13,79.0,sintetica,13,0
Praça Treze De Junho,0,12,0,13,86.0,sintetica,32,0
Praça Encanamento,4,11,0,11,34.0,sintetica,55,0
Praça João Miguel De Souza Junior,2,9,0,8,35.0,sintetica,28,0
Praca General Carlos Pinto,5,0,0,3,41.0,sintetica,35,0
Praça Castro Alves,1,7,1,8,82.0,sintetica,59,0
Praça Machado De Assis,1,20,1,1,50.0,sintetica,35,0
Arlindo Gouveia,0,21,1,12,20.0,sintetica,16,1
Praça Bambu,5,17,0,0,94.0,sintetica,41,0
Praca Eugenio Samico,6,1,0,12,25.0,sintetica,56,0
Praça Nossa Senhora De Fátima,4,15,0,8,28.0,sintetica,42,0
Praça Pedro Brandão,0,11,1,9,71.0,sintetica,53,1
Praça Da Quadra,0,8,0,7,99.0,sintetica,35,0
Praça Da Bandeira,4,2,0,6,81.0,sintetica,33,0
Praça Jockey Clube,2,21,0,13,77.0,sintetica,32,0
Dr.Luis Ramos Leal,1,20,1,12,38.0,sintetica,47,1
Praça Gustavo Barrozo,2,3,0,7,32.0,sintetica,35,0
Praça Da  Boa Viagem,5,1,0,11,51.0,sintetica,54,0
Praça Pedro Brandão,6,7,0,0,28.0,sintetica,40,0
Praça 3º Jardim De Boa Viagem,3,9,1,13,68.0,sintetica,15,1
Praça Arão Botler,3,15,0,8,56.0,sintetica,54,0
Praça Dr Adolfo Cirne,3,22,1,11,50.0,sintetica,40,1
Praça Queira Deus,4,10,1,9,50.0,sintetica,56,1
Praça Da Bandeira,0,17,0,10,78.0,sintetica,57,0
Praça Tempo De Crescer,6,21,0,8,74.0,sintetica,98,0
Prc Senhor Bartolomeu,2,13,0,14,38.0,sintetica,54,0
Praça Joaquim Nabuco,1,7,0,11,82.0,sintetica,54,0
Praça Da  Singapura,3,22,0,10,21.0,sintetica,21,0
Praça Sebastião Pontes,2,14,0,8,64.0,sintetica,26,1
Praça José Sales Filho,3,16,0,12,62.0,sintetica,35,0
Praça Do Jardim São Paulo,6,20,0,13,20.0,sintetica,99,1
Praça André Negromonte,3,17,0,5,80.0,sintetica,24,0
Praça Maurício De Nassau E Duarte Coelho,1,5,0,3,22.0,sintetica,58,0
Horta Comunitária De Casa Amarela,5,22,1,12,63.0,sintetica,75,1
Praça Joca Leal,5,13,0,1,26.0,sintetica,33,0
Praça Chora Menino,6,22,0,10,52.0,sintetica,82,1
Praça Do Caxito,5,2,1,3,28.0,sintetica,53,1
Praca Eugenio Samico,4,6,0,6,49.0,sintetica,45,0
Praça Dr José Vilela,0,14,0,0,37.0,sintetica,53,0
Parque Do Jiquiá,4,20,0,13,75.0,sintetica,75,0
Praça Luiz Albacora,2,23,1,8,50.0,sintetica,31,0
Praça Flor De Santana,4,15,0,2,91.0,sintetica,11,0
Praça João Rique,2,15,1,12,82.0,sintetica,16,1
Praça Da Avenida Maurício De Nassau,2,7,1,12,69.0,sintetica,25,1
Praça Nova Esperança,0,6,0,3,20.0,sintetica,33,0
Praça Clube Sargento Wolf,1,5,0,11,38.0,sintetica,39,0
Praça Sebastião Pontes,6,1,0,4,83.0,sintetica,53,0
Horta Comunitária De Casa Amarela,0,21,0,11,72.0,sintetica,57,0
Praça Professor Ageu Magalhães,6,12,0,12,25.0,sintetica,55,0
Praça Jornalista Anibal Fernandes,5,11,0,2,36.0,sintetica,10,0
Praça A.B.C (Abc),5,14,0,3,65.0,sintetica,36,0
Praça Professor Paulo Silveira Do Nascimento,4,8,1,4,91.0,sintetica,18,0
Praça São Francisco De Assis,2,1,0,11,92.0,sintetica,16,0
Praça Do Terminal Da Guabiraba,3,16,0,0,74.0,sintetica,14,0
Praça Todos Os Santos,3,4,0,13,25.0,sintetica,39,0
Praça João Francisco Lisboa,6,10,0,8,89.0,sintetica,51,0
Praça Domingos Giovanetti,2,21,1,9,87.0,sintetica,36,1
Praça Parque Amorim,6,18,0,12,59.0,sintetica,68,0
Praça Dalva De Oliveira,0,23,0,9,85.0,sintetica,34,0
Parque Doutor Arnaldo Assunção,1,6,0,12,28.0,sintetica,27,0
Praça São Pedro,0,1,0,13,30.0,sintetica,16,0
Praça Quartel General,2,15,0,3,39.0,sintetica,40,0
Praça Francisco Apolônio Jorge Sales,2,11,0,12,62.0,sintetica,41,1
Praça Do Internacional,1,22,1,8,77.0,sintetica,59,0
Praça Quinze De Setembro,6,14,1,3,97.0,sintetica,54,0
Praça De Nova Morada,4,0,0,13,45.0,sintetica,20,0
Praça Da Independência,4,12,0,0,57.0,sintetica,19,0
Praça Jornalista Anibal Fernandes,1,22,0,11,55.0,sintetica,31,0
Praça Faca Cega,4,5,0,4,74.0,sintetica,40,0
Praça Encanamento,3,12,0,12,25.0,sintetica,50,0
Praça Da Paz,4,17,0,8,22.0,sintetica,56,0
Praça Jardim Uchôa,4,2,0,2,84.0,sintetica,23,0
Praça De Boa Viagem,4,0,0,4,83.0,sintetica,12,0
Praça Do Largo Da Ponte Do Motocolombo,3,14,0,2,77.0,sintetica,33,0
Praça Sementes Do Amanhã,6,12,0,11,77.0,sintetica,23,0
Parque Da Tamarineira,4,4,0,2,37.0,sintetica,25,0
Praça Sena Vila Cardeal E Silva - Areias,5,12,0,0,42.0,sintetica,37,0
Praça Do Largo Da Ponte Do Motocolombo,3,21,0,1,48.0,sintetica,44,0
Praça Arão Botler,1,4,1,1,42.0,sintetica,49,0
Praça Maurício De Nassau E Duarte Coelho,0,18,0,8,55.0,sintetica,11,0
Praça Da Madalena,1,20,1,6,89.0,sintetica,43,0
Praça Da Esperança,0,23,0,7,25.0,sintetica,27,0
Praça Santos Dumont,1,17,0,1,53.0,sintetica,16,0
Praça Virgilio De Oliveira,5,20,0,8,63.0,sintetica,89,0
Praça Da Avenida Da Recuperação,0,21,0,12,63.0,sintetica,47,0
Praça Do Caiara,0,9,1,2,46.0,sintetica,51,0
Praça Franco Gomes Coutinho,2,23,0,9,71.0,sintetica,16,0
Praça Carmela Dutra/Ipiranga,0,7,0,12,61.0,sintetica,13,0
Praça Cidade Do Porto,0,14,0,1,44.0,sintetica,52,0
Praça Da Alegria,2,20,0,11,93.0,sintetica,25,0
Praça Sérgio Loreto,4,19,0,0,58.0,sintetica,97,1
Praça Cais Edgar Amorim,4,22,0,8,58.0,sintetica,70,0
Praça Centro Campo Grande,2,21,1,7,31.0,sintetica,29,0
Praça Santa Eufrásia,3,3,0,12,30.0,sintetica,40,1
Praça Do Comar,0,1,0,14,22.0,sintetica,28,0
Praça Do Mariano Teixeira,0,23,0,11,41.0,sintetica,31,0
Praça Da Conceição,2,5,1,10,23.0,sintetica,30,1
Aritana,2,2,1,3,27.0,sintetica,27,0
Praça Estação Macaco,3,6,0,6,33.0,sintetica,41,0
Praça Nadir Colaco,5,9,0,11,33.0,sintetica,56,0
Parque Treze De Maio,4,22,0,13,35.0,sintetica,85,1
Praça Mano Teodósio,1,5,0,2,51.0,sintetica,36,1
Travessa Tiradentes,5,15,1,2,83.0,sintetica,47,0
Praça Alfredo Pinto,6,1,0,3,95.0,sintetica,53,0
Praca Esmeralda,4,23,0,1,35.0,sintetica,77,1
Praça Dom Miguel Valverde,0,16,0,13,71.0,sintetica,42,0
Praça Dancing Deys,6,12,0,9,38.0,sintetica,36,0
José Mora De Silveira,5,0,1,3,88.0,sintetica,32,0
Praça Da Rua Arquiteto Luiz Nunes,2,5,0,9,31.0,sintetica,52,1
Praça Márcio Codonga,3,4,0,2,24.0,sintetica,28,0
Praça Da Juventude,4,12,1,7,61.0,sintetica,40,1
Praça Robert Kennedy/Da Juventude,3,22,0,10,36.0,sintetica,13,0
Praça Brasilit,6,17,0,1,91.0,sintetica,28,0
Praça Novaes Filho,4,11,0,10,29.0,sintetica,47,0
Praça São Benedito Pereira Dos Santos,5,6,0,8,35.0,sintetica,49,0
Praça Da Rua Do Campo,0,14,0,2,35.0,sintetica,31,0
Praça Do Rosarinho,1,2,0,3,61.0,sintetica,18,0
Praça Alfredo Ozório,3,15,0,12,22.0,sintetica,40,0
Engenho Do Meio,3,0,0,9,42.0,sintetica,19,0
Praça Chora Menino,1,15,0,13,47.0,sintetica,19,1
Praça Professor Calazans,3,23,0,14,64.0,sintetica,39,0
Praça Marcelino Champagnat,3,11,0,9,87.0,sintetica,19,0
Praça Tamarindo,4,18,1,14,43.0,sintetica,61,1
Praça Isabel Cabral,4,7,0,14,38.0,sintetica,27,0
Praça Pinto Damaso,1,22,0,2,94.0,sintetica,53,0
Praça Das Cinco Pontas,6,11,1,2,59.0,sintetica,52,0
Praça Todos Os Santos,0,14,0,7,65.0,sintetica,57,0
Praça Maracangaia,5,1,0,7,59.0,sintetica,28,0
Praça De Frente A Chesf,5,16,0,12,81.0,sintetica,52,0
Praça Cafesopolis,6,6,0,12,37.0,sintetica,32,0
Praça Da Chesf,3,12,0,5,31.0,sintetica,13,0
Praça Da  Boa Viagem,0,0,1,3,33.0,sintetica,21,0
Praça Joca Leal,1,5,0,0,80.0,sintetica,58,0
Praça Do Escorrego,6,12,0,3,31.0,sintetica,33,0
José Vilela,1,10,0,7,46.0,sintetica,22,0
Praça João Miguel De Souza Junior,4,9,0,5,25.0,sintetica,13,0
Praça Da Rua Água Preta,3,15,1,1,52.0,sintetica,36,0
Praça Professora Antonia Galvão,2,23,0,2,99.0,sintetica,47,0
Largo Do Holandes,1,22,0,11,69.0,sintetica,48,0
Praça Paulo Freire,6,19,0,6,31.0,sintetica,61,0
Praça Angélica,3,16,0,10,76.0,sintetica,35,0
Praça Airton Senna,0,16,0,10,72.0,sintetica,43,0
Praça Da Paz,6,3,0,3,32.0,sintetica,18,0
Pra Eudora,4,4,1,3,91.0,sintetica,19,0
Praça Do Campo Santo,5,22,0,14,22.0,sintetica,74,0
Praça Da Rua Água Preta,0,13,0,14,83.0,sintetica,57,0
Não Temos Nome,1,19,0,4,77.0,sintetica,59,0
Praça Nova Morada,1,9,0,7,23.0,sintetica,17,0
Praça Josen Demery Carneiro,0,13,0,13,64.0,sintetica,19,0
Praça Presidente Kennedy,1,0,0,13,85.0,sintetica,52,0
Praça João Pereira Borges,6,10,0,6,55.0,sintetica,58,0
Parque Das Graças Lucia Moura,3,22,0,8,42.0,sintetica,34,0
Praça Fleming,1,17,0,14,38.0,sintetica,40,0
Praça Mano Teodósio,4,15,1,4,59.0,sintetica,48,0
Praça Do Bom Pastor,3,17,0,0,91.0,sintetica,12,0
Praça Das Flores,6,7,0,3,35.0,sintetica,48,0
Praça Professor Rutilho,2,9,0,5,77.0,sintetica,47,0
Praça Terminal De Cajueiro,1,9,0,5,37.0,sintetica,44,0
Praça Gonçalo Leitão,1,4,0,8,55.0,sintetica,17,0
Praça Simon Bolivar,4,9,0,9,43.0,sintetica,10,0
Praça Camilo Pereira Carneiro,6,17,0,12,20.0,sintetica,14,0
Praça Arão Botler,4,20,0,4,20.0,sintetica,68,0
Praça Do Comar,5,23,0,4,83.0,sintetica,62,0
Praça Da Portelinha,6,5,0,5,81.0,sintetica,35,0
Praça Da Rua José Augusto De Barros,0,2,0,10,55.0,sintetica,52,0
Praça Doutor Pádua Walfrido,0,7,1,5,94.0,sintetica,35,0
Pinto Damásio,0,8,0,2,37.0,sintetica,20,0
Praça Rodrigo Cebola,4,4,1,5,35.0,sintetica,43,0
Praça Do Conjunto Habitacinal Josue Pinto,0,1,1,7,36.0,sintetica,50,0
Praça Simon Bolivar,6,1,1,11,43.0,sintetica,11,1
Praça Da Comunidade,0,6,0,5,87.0,sintetica,30,0
Macaxeira,2,16,1,11,98.0,sintetica,35,1
Praça Joaquim Cardoso/Da Biblioteca,0,9,0,10,21.0,sintetica,21,0
Praça Queira Deus,1,11,0,4,92.0,sintetica,18,0
Praça Da Torre,5,1,0,2,29.0,sintetica,50,0
Praça Thiago Pepeta,4,9,0,0,72.0,sintetica,32,0
Praça  Da Entrada Da Ur 2,3,19,0,4,70.0,sintetica,51,0
Praça Av Do Forte,5,0,0,5,88.0,sintetica,14,0
Praça Rafael De Oliveira Alves,2,3,0,13,33.0,sintetica,18,0
Praça Av Do Forte,4,12,0,5,85.0,sintetica,59,0
Arlindo Gouveia,6,11,0,13,72.0,sintetica,19,0
Praça  Zeca Barbosa,4,10,0,5,83.0,sintetica,58,0
Praça Ponte D`Uchoa,1,9,1,2,91.0,sintetica,19,0
Praça Capiba,6,14,0,14,68.0,sintetica,23,0
Praça De Campo Grande,5,4,0,3,81.0,sintetica,45,0
Praça Phaelante Da Câmara,5,16,1,14,56.0,sintetica,19,1
Praça Luiz Americo Willians,0,4,0,2,68.0,sintetica,59,0
Praça Mano Teodósio,6,1,0,1,87.0,sintetica,46,0
Praça Do Mariano Teixeira,1,8,1,7,52.0,sintetica,50,0
Praça  Marciel Pinheiro,0,5,1,6,41.0,sintetica,47,0
José Vilela,0,17,0,10,89.0,sintetica,57,0
Praça José Maria Do Nascimento Paraíba/Lixão,4,13,0,7,52.0,sintetica,31,0
Praça Da Esperança,5,18,1,12,47.0,sintetica,87,1
Praça Professor Paulo Silveira Do Nascimento,0,13,0,5,23.0,sintetica,25,0
Praça Antonio Bezerra Pontes,2,7,0,10,85.0,sintetica,20,0
Praça Sabere,2,16,0,14,96.0,sintetica,56,0
Praça Márcio Alves,5,2,0,11,68.0,sintetica,44,0
Praça Do Entrocamento,2,9,0,14,30.0,sintetica,57,0
Praça Elvira Andrade De Souza,4,16,1,13,54.0,sintetica,29,0
Praça André Negromonte,1,10,0,6,58.0,sintetica,46,0
Praça Dom Vital,3,7,0,0,29.0,sintetica,50,0
Praça Beira Rio,0,0,0,9,93.0,sintetica,14,0
Praça Da Guabiraba,3,12,0,4,91.0,sintetica,45,0
Praça Odon De Alencar,1,20,0,3,88.0,sintetica,22,0
Praça Gildo Macedo Lacerda,1,3,1,9,42.0,sintetica,26,1
Praça Da Vila Teimosinho,4,6,1,2,53.0,sintetica,35,0
Praça Todos Os Santos,2,13,0,1,51.0,sintetica,53,0
Praça Da Avenida Da Recuperação,2,4,0,13,35.0,sintetica,29,0
Praça Morena Ramos,1,23,0,13,87.0,sintetica,48,0
Praça Professora Antonia Galvão,4,10,1,8,73.0,sintetica,42,0
Praça Joaquim Cavalcante,4,16,0,7,47.0,sintetica,39,0
Praça Cafesopolis,5,4,1,9,79.0,sintetica,25,1
Praça De Boa Viagem,6,19,0,14,97.0,sintetica,87,0
Praça Izabel De Goes,0,2,0,1,95.0,sintetica,39,0
Praça Geraldo Vilas Boas,6,4,0,5,79.0,sintetica,11,0
Praça Do Bom Pastor,2,14,0,2,99.0,sintetica,21,0
Praça Do Caxanga,1,18,1,2,63.0,sintetica,52,0
Praça 3º Jardim De Boa Viagem,5,15,0,4,21.0,sintetica,49,0
Praça João Miguel De Souza Junior,3,7,0,6,42.0,sintetica,10,0
Pra Eudora,2,12,0,6,65.0,sintetica,12,0
Praça Da Rua Professor Avertano Rocha,0,15,0,10,92.0,sintetica,17,0
Praça João Pereira Borges,4,2,0,9,73.0,sintetica,35,0
Praça Da Rua Elza Leal Wanderley,1,0,0,0,90.0,sintetica,49,0
Praça Maria Vitalina Gonçalves Da Rocha,2,8,0,10,28.0,sintetica,20,0
Praça Da Rua João Rique. Iputinga Recife,3,8,0,6,89.0,sintetica,30,0
Praça Da Quadra,0,21,0,6,63.0,sintetica,14,0
Praça Lagoa Do Araça,0,16,0,5,93.0,sintetica,49,0
Praça Professor Rutilho,5,23,0,5,92.0,sintetica,92,1
Parque Das Graças Lucia Moura,2,1,0,12,31.0,sintetica,30,0
Praça Fleming,3,8,0,12,51.0,sintetica,18,0
Praça Do Campo Santo,0,23,0,1,53.0,sintetica,26,0
Praça Luiz De Lacerda,1,18,0,2,52.0,sintetica,46,0
Praça Vila 27 De Abril,0,12,0,2,83.0,sintetica,11,0
Parque Da Jaqueira,3,4,0,12,67.0,sintetica,56,0
Praça Da Rua José Pimentel,4,8,0,2,35.0,sintetica,49,0
Praça Clotilde Machado,4,12,0,1,69.0,sintetica,37,0
Praça Do Bom Pastor,5,0,1,8,42.0,sintetica,36,0
Andresa Carla Gomes Do Nascimento,2,14,0,5,45.0,sintetica,49,1
Praça Todos Os Santos,3,3,0,1,73.0,sintetica,10,0
Campo Do Imperio,5,3,0,2,63.0,sintetica,55,0
Praça Governador Paulo Guerra,6,19,0,9,56.0,sintetica,70,0
Praça João Rique,0,9,0,5,28.0,sintetica,48,0
Praça Da Roda De Fogo,6,5,1,3,32.0,sintetica,27,0
Praça Carmela Dutra/Ipiranga,0,23,0,6,79.0,sintetica,36,0
Praça La Coruna,4,11,0,5,99.0,sintetica,56,1
Praça Luiz Albacora,5,19,0,14,21.0,sintetica,80,1
Praça Da Avenida Da Recuperação,4,15,0,5,79.0,sintetica,45,0
Praça Do Conjunto Habitacinal Josue Pinto,1,2,0,11,76.0,sintetica,30,0
Praça Da Rua José Pimentel,6,13,1,2,62.0,sintetica,37,0
Praça Encanamento,6,0,1,10,38.0,sintetica,10,1
Praça De Frente A Chesf,4,9,0,7,30.0,sintetica,23,0
Praça Castro Alves,1,14,1,8,97.0,sintetica,29,0
Praça Professor Coelho De Almeida,0,6,0,5,66.0,sintetica,18,0
Praça Da Av. Do Forte,5,3,0,1,82.0,sintetica,54,0
Praça Chico Science,1,13,0,0,26.0,sintetica,36,0
Praça Largo De Monte Verde,5,23,0,2,98.0,sintetica,83,0
Praça João Miguel De Souza Junior,6,15,1,2,50.0,sintetica,13,0
Praça Barão Da Soledade,5,13,1,7,74.0,sintetica,46,0
Praça Miguel De Cervantes,6,2,1,4,44.0,sintetica,27,0
Praça Quitéria,1,16,0,0,91.0,sintetica,40,0
Parque Exposição Do Cordeiro,6,20,0,10,49.0,sintetica,75,0
Praça El Salvador,2,13,0,3,55.0,sintetica,48,0
Praça José Maria Do Nascimento Paraíba/Lixão,6,17,0,6,69.0,sintetica,19,1
Praça Cafesopolis,4,2,0,4,33.0,sintetica,18,0
Praça Irmã Douraci,1,21,0,9,48.0,sintetica,37,0
Parque Doutor Arnaldo Assunção,0,18,1,14,46.0,sintetica,37,1
Praça Poço Da Panela,5,2,1,12,69.0,sintetica,22,1
Praça Da Portelinha,3,11,0,5,55.0,sintetica,27,0
Campo Do 15,1,21,0,13,53.0,sintetica,21,0
Praça Professor Ageu Magalhães,4,4,0,9,40.0,sintetica,17,0
Praça Das Flores,6,9,0,3,57.0,sintetica,32,0
Wilma Damasceno,5,8,0,1,94.0,sintetica,59,0
Praça Luiz De Lacerda,2,0,0,8,98.0,sintetica,14,0
Praça Professor Fleming,0,12,0,14,95.0,sintetica,16,0
Praça Brasilit,2,2,0,1,69.0,sintetica,24,0
Praça Robert Kennedy/Da Juventude,3,18,0,1,56.0,sintetica,12,0
Praça Da Rua 03,1,10,1,12,94.0,sintetica,27,1
Praça Zeppelin,5,15,0,11,38.0,sintetica,47,0
Praça Da Avenida Maurício De Nassau,1,5,1,1,20.0,sintetica,35,0
Praça  De Campo Grande - Eudoro,4,23,0,0,59.0,sintetica,71,0
Praça Infantil John F. Kennedy,1,2,0,12,74.0,sintetica,42,0
Praça Jornalista Anibal Fernandes,0,18,0,11,99.0,sintetica,30,0
Praça Da Travessa José Leite,3,5,0,11,45.0,sintetica,26,0
Praça Todos Os Santos,2,7,0,2,62.0,sintetica,52,0
Praça Da Juventude,3,21,0,5,78.0,sintetica,11,0
Praça Da Igreja,5,12,0,6,70.0,sintetica,34,0
Praça Professor Agamenon Magalhães,1,11,0,0,34.0,sintetica,50,0
Praça Dalva De Oliveira,5,9,1,13,27.0,sintetica,28,1
Praça La Coruna,2,2,0,4,33.0,sintetica,47,0
Praça Ponte D`Uchoa,5,3,1,4,26.0,sintetica,34,0
Praça Do Derby,4,0,0,0,37.0,sintetica,48,1
Praça Melvin Jones,3,12,1,3,31.0,sintetica,13,0
Pracinha Das Crianças,2,23,1,9,21.0,sintetica,12,1
Praça Do Jardim São Paulo,2,3,0,0,69.0,sintetica,43,0
Praça Vale Do Siriji,6,21,0,12,40.0,sintetica,87,1
Vila Dos Bancários,2,10,0,13,26.0,sintetica,19,0
Praça Mercia De Albuquerque,6,18,0,14,31.0,sintetica,90,1
Praça Governador Paulo Guerra,0,10,0,0,76.0,sintetica,36,0
Praça Doutor Jose De Melo,6,11,0,11,97.0,sintetica,57,0
Praça Barão Da Soledade,3,10,1,14,93.0,sintetica,35,1
Praça Professor Doutor Antônio Figueira,5,5,1,6,42.0,sintetica,36,0
Praça Vila Esperança,6,11,0,6,49.0,sintetica,10,0
Praça Da Ong Do Rio - Nova Morada,2,8,0,2,77.0,sintetica,53,0
Praça Marcantônio Vilaça,3,9,0,6,71.0,sintetica,29,0
Praça Flor De Santana,6,2,0,2,75.0,sintetica,34,0
Praça Paulo Freire,6,2,0,1,29.0,sintetica,19,0
Praça Santa Lucia,2,19,0,9,38.0,sintetica,10,0
Praça Melvin Jones,4,22,1,14,38.0,sintetica,97,1
Praça Maria Madalena Bispo,4,15,0,3,78.0,sintetica,20,0
Praca Eugenio Samico,6,2,0,13,63.0,sintetica,13,0
Praça Poliesportiva Da Ur4 Ibura,4,9,0,9,78.0,sintetica,44,0
Praça Da Rua Cordislândia,1,23,0,2,23.0,sintetica,22,0
Praça Dr José Vilela,2,10,0,11,84.0,sintetica,30,0
Praça Marcelino Champagnat,1,7,0,6,32.0,sintetica,24,0
Praça Beira Rio,3,5,0,11,86.0,sintetica,19,0
Praça Centro Campo Grande,1,19,0,11,31.0,sintetica,47,0
Praça Dalva De Oliveira,3,10,0,0,74.0,sintetica,20,0
Praça José Cicílio,6,20,0,5,80.0,sintetica,85,0
Praça Doutor Pedro Cavalcanti,3,11,0,14,60.0,sintetica,42,0
Praça Elvira Andrade De Souza,3,15,0,13,55.0,sintetica,29,0
Praça Doutor Júlio Campelo,5,17,0,1,21.0,sintetica,45,0
Praça Da Avenida Engenheiro Abdias De Carvalho,1,12,1,7,41.0,sintetica,39,0
Praça Av Do Forte,5,21,0,13,41.0,sintetica,90,1
Thomaz Lobo,6,2,1,4,60.0,sintetica,24,0
Praça Da Amizade,2,14,0,2,33.0,sintetica,38,0
Praça Estação Macaco,1,21,0,9,54.0,sintetica,10,0
Praça Vila 27 De Abril,2,20,0,6,69.0,sintetica,30,0
Praça Jules Rimet,2,13,0,13,28.0,sintetica,24,1
Thomaz Lobo,3,17,0,10,78.0,sintetica,12,0
Praça Da Guabiraba,1,13,0,14,75.0,sintetica,42,0
Prc   Rua Augusto Bamberg De Melo,2,4,0,14,29.0,sintetica,47,0
Praça Jardim Uchôa,4,20,0,1,44.0,sintetica,91,1
Praça Da Rua Água Preta,2,13,0,4,64.0,sintetica,13,0
Praça  Da Entrada Da Ur 2,4,7,0,10,30.0,sintetica,21,0
Praça Da Paz,1,22,0,7,28.0,sintetica,34,0
Praça Engenho Massangana,6,14,0,12,26.0,sintetica,43,0
Praca Santa Luzia,5,14,0,10,90.0,sintetica,26,0
Praça Dona Carminha & Sr João,1,18,0,0,53.0,sintetica,15,0
Praça Fleming,5,19,0,14,39.0,sintetica,78,1
Praça Sitio Grande,5,5,0,0,24.0,sintetica,24,0
Praça 3º Jardim De Boa Viagem,1,18,0,2,74.0,sintetica,26,0
Praça Conselheiro João Alfredo,2,7,0,2,34.0,sintetica,10,1
Praça Maracangaia,0,5,0,12,67.0,sintetica,23,0
15 De Setembro,2,19,0,6,23.0,sintetica,11,1
Praça Da Rua José Rodrigues,2,22,0,5,97.0,sintetica,13,0
Praça Alberico Glasner Da Rocha,6,14,1,6,40.0,sintetica,11,0
Praça Do Cacique - Invadida Por Moradores E Comerciantes Da Área,3,2,0,3,99.0,sintetica,35,0
Praça Frei Cassimiro,3,9,0,10,28.0,sintetica,55,0
Praça Filonila Ferreira,2,14,0,1,85.0,sintetica,59,0
Parque Das Graças Lucia Moura,4,23,0,1,98.0,sintetica,89,0
Praça Da Biblia,6,15,0,9,54.0,sintetica,42,0
Praça Santa Eufrásia,5,16,0,0,70.0,sintetica,57,0
Espaço Colaborativo,3,18,0,13,97.0,sintetica,48,0
Praça 3º Jardim De Boa Viagem,2,10,0,12,56.0,sintetica,15,0
Praça Chão De Estrelas,6,15,0,13,25.0,sintetica,39,0
Praça Márcio Alves,0,4,0,8,70.0,sintetica,31,0
Praça Da Feb,4,4,0,13,85.0,sintetica,36,0
Praça Arão Botler,1,13,0,13,36.0,sintetica,28,0
Praça Almirante Do Forte,2,17,0,6,84.0,sintetica,19,0
Praça Da Mentira,6,7,0,9,28.0,sintetica,15,0
Praça Onze De Junho,2,4,1,2,32.0,sintetica,35,1
Peixinhos,5,6,0,1,77.0,sintetica,51,0
Praça Compositor Antônio Maria,4,15,0,13,49.0,sintetica,12,0
Praça Olavo Bilac,3,22,0,2,50.0,sintetica,12,0
Praça De Nova Morada,3,13,0,6,42.0,sintetica,15,0
Praca Mauriceia,3,4,0,4,82.0,sintetica,58,1
Praça Da Mentira,1,23,0,11,47.0,sintetica,59,0
Praça Neta Araujo,6,8,0,2,78.0,sintetica,19,0
Fabiano Da Jora,4,3,0,8,29.0,sintetica,47,0
Praça Quartel General,4,3,0,1,45.0,sintetica,22,1
Praça Da Rua Riacho Doce,3,15,0,6,96.0,sintetica,47,0
Mariazinha,3,23,0,14,36.0,sintetica,21,0
Praça Rafael De Oliveira Alves,5,16,0,9,59.0,sintetica,55,0
Praça Da Rua José Rodrigues,0,14,0,5,87.0,sintetica,58,0
Praça Da Quadra,0,3,0,5,42.0,sintetica,36,0
José Mora De Silveira,2,5,0,13,54.0,sintetica,17,0
Praça Do Alto Da Serrinha,2,15,0,6,94.0,sintetica,14,0
Praça Monsenhor Arruda Camara,4,3,0,5,95.0,sintetica,45,0
Praça Robert Kennedy / Da Juventude,4,5,0,1,28.0,sintetica,47,1
Praça General Euler Bentes/Da Sudene,1,4,0,10,98.0,sintetica,52,0
Jardim América,1,15,0,4,64.0,sintetica,39,0
Praça Da Rua Carlos Gomes/ Do Cavalo Dourado,0,15,0,2,56.0,sintetica,46,0
Praça Eduardo Cardoso/Gregório Albuquerque,2,9,0,8,88.0,sintetica,38,0
Praça Do Quinze,0,8,0,7,38.0,sintetica,31,0
Praça Flor De Santana,0,3,0,9,94.0,sintetica,23,0
Praça Amaro Lopes/Da Fumaça,2,13,1,10,92.0,sintetica,19,1
Horta Comunitária De Casa Amarela,6,3,0,1,46.0,sintetica,20,0
Praça Do Alto Da Serrinha,1,11,0,14,32.0,sintetica,44,0
Praça Campo De Pelada Carlos Rios,5,23,0,0,76.0,sintetica,81,0
Praça Da Ur5 Ibura,5,9,0,14,79.0,sintetica,17,0
Praça Gustavo Barrozo,5,3,1,3,31.0,sintetica,30,0
Praça Gildo Macedo Lacerda,2,17,0,3,28.0,sintetica,46,0
Praça Fernando Galvão,3,12,0,11,96.0,sintetica,37,1
Praça Angélica,3,12,0,9,96.0,sintetica,40,1
Praça Da Avenida General San Martin,3,13,0,10,46.0,sintetica,37,0
Praça Tempo De Crescer,4,17,1,1,82.0,sintetica,51,0
Praça São Francisco De Assis,1,0,1,6,48.0,sintetica,36,0
Praça Do Caixito,1,20,0,12,41.0,sintetica,49,0
Praça Cais Edgar Amorim,6,15,0,14,92.0,sintetica,30,0
Praça Jornalista Francisco Pessoa De Queiroz,6,14,0,2,38.0,sintetica,18,0
Peixinhos,4,21,0,6,57.0,sintetica,75,0
Praça Alfredo Ozório,0,4,0,6,58.0,sintetica,24,0
Praça Luz Da Fraternidade,6,5,0,0,34.0,sintetica,42,0
Praça Frei Cassimiro,5,5,1,5,73.0,sintetica,46,0
Praça Professor Abdgar Soriano,3,2,0,3,51.0,sintetica,56,0
Praça Da Criança Alexandra Vilma Dias,5,15,0,10,65.0,sintetica,45,0
Praça Othon Bezerra De Melo,3,11,0,7,80.0,sintetica,37,0
Praça Dom José Pereira Alves,5,3,1,7,71.0,sintetica,19,0
Praça Da Rua Itacambira,0,0,0,2,53.0,sintetica,32,0
Praça Professor Barreto Campello,5,3,0,3,92.0,sintetica,37,0
Praça Fernando Galvão,5,0,0,14,54.0,sintetica,43,0
Praça Do Entroncamento,2,20,1,0,89.0,sintetica,14,0
Praça Centro Campo Grande,5,7,1,9,56.0,sintetica,27,1
Praça Heiji Gemba,2,23,0,1,97.0,sintetica,15,0
Praça Professora Antonia Galvão,1,4,0,6,80.0,sintetica,51,0
Praça José Da Mota Silveira,4,1,0,14,68.0,sintetica,56,0
Praça Da Rua Clotilde Machado,5,11,0,13,28.0,sintetica,32,0
Praça Nova Morada,1,21,0,10,38.0,sintetica,37,0
"Praça. Ur 04 Ibura  , Junto Da Capela Nossa Senhora Aparecida Ur 4 Terminal",6,16,0,11,47.0,sintetica,50,0
Praça Dona Elizabeth,6,6,0,14,99.0,sintetica,22,0
Praça Professor Calazans,2,10,1,6,45.0,sintetica,59,0
Praça Marcantônio Vilaça,5,3,0,12,57.0,sintetica,34,0
Praça Professor Ageu Magalhães,5,4,0,8,59.0,sintetica,16,0
Praça Maria Madalena Bispo,0,5,0,9,44.0,sintetica,11,0
Praça Joaquim Cardoso/Da Biblioteca,1,10,1,8,88.0,sintetica,25,0
Aritana,3,0,0,8,90.0,sintetica,11,0
Engenho Do Meio,3,9,0,5,42.0,sintetica,45,0
Praça Desembargador Carlos Xavier Paes Barreto,0,19,0,7,84.0,sintetica,11,0
Praça Getulio Vargas,2,23,0,8,41.0,sintetica,58,0
Praça Professor Abdgar Soriano,3,20,0,11,83.0,sintetica,47,0
Praça Geraldo Vilas Boas,3,10,1,13,87.0,sintetica,19,1
Praça Batista Da Silva,6,23,1,6,77.0,sintetica,91,0
Praça Dom Diogo Camarao,6,16,1,3,47.0,sintetica,36,0
Praça Clotilde Machado,4,7,0,13,97.0,sintetica,24,0
Praça Do Trabalho,1,12,1,3,87.0,sintetica,30,0
Praça Márcio Codonga,2,19,1,5,94.0,sintetica,21,0
Praça Estação Macaco,5,17,1,13,23.0,sintetica,52,1
Praça Josen Demery Carneiro,1,21,0,10,20.0,sintetica,42,0
Praça Poeta Fernando Pessoa,2,15,0,3,45.0,sintetica,49,0
Praça Campo Do Lagoão,3,1,0,10,52.0,sintetica,31,0
Praça Da Guabiraba,4,4,1,6,46.0,sintetica,47,0
Praça De Boa Viagem,1,17,0,7,61.0,sintetica,53,0
Praça Da Guabiraba,3,2,0,7,88.0,sintetica,57,0
Quatro De Outubro,2,21,1,13,90.0,sintetica,27,1
Praça Zeppelin,1,16,0,7,83.0,sintetica,53,0
Praça Das Criancas,5,15,0,1,44.0,sintetica,11,0
Praça Da Paz,1,5,1,13,91.0,sintetica,38,1
Praça Cafesopolis,3,18,1,9,23.0,sintetica,16,1
Praça Maciel Pinheiro,1,6,0,1,31.0,sintetica,40,0
Aritana,5,17,1,1,77.0,sintetica,50,0
Praça Joaquim Cardoso/Da Biblioteca,4,13,0,1,30.0,sintetica,27,0
Mariazinha,4,5,0,3,78.0,sintetica,18,0
Benilda Ribeiro De Souza,3,7,0,4,55.0,sintetica,17,0
Praça Chora Menino,2,14,0,3,41.0,sintetica,42,0
Praça Beatriz Pereira Carneiro,3,14,0,14,84.0,sintetica,14,0
Praça Da Bandeira,4,14,0,4,69.0,sintetica,57,0
Praça Estevão De Sá,0,15,1,3,23.0,sintetica,23,0
Praça Gregório Bezerra,0,0,0,6,91.0,sintetica,22,0
Praça Dalva De Oliveira,1,10,1,9,71.0,sintetica,20,1
Praça Alberto Pinto,5,4,0,0,62.0,sintetica,29,0
Praça Zeppelin,6,4,0,13,65.0,sintetica,32,0
Praça Do Derby,6,20,1,12,23.0,sintetica,82,1
Praça Flor De Cheiro,6,5,1,0,32.0,sintetica,36,0
Praca Esmeralda,1,1,0,1,57.0,sintetica,24,0
Praça Industrial Miguel Santos,0,5,0,12,64.0,sintetica,39,0
Praça Gregório Bezerra,4,13,0,0,44.0,sintetica,25,0
Praça Do Colégio Jarbas Pernambucano,1,10,0,11,86.0,sintetica,54,0
Praça Quinze De Setembro,6,3,1,14,74.0,sintetica,49,1
Praça Brasilit,6,23,0,9,58.0,sintetica,83,1
Praça Queira Deus,3,8,0,11,84.0,sintetica,56,0
Praça Ponte D`Uchoa,6,23,0,11,94.0,sintetica,87,0
Praça Gregório Bezerra,5,2,0,9,21.0,sintetica,32,0
Praça Zeppelin,6,15,0,12,88.0,sintetica,45,0
Praça Do Rosário,3,10,0,13,81.0,sintetica,47,0
Praça João Rique,6,3,0,10,65.0,sintetica,17,0
Praça Silva Jardim,5,0,0,2,96.0,sintetica,48,0
Praça Heiji Gemba,4,20,0,5,50.0,sintetica,69,0
Praça Campo De Pelada Carlos Rios,1,21,0,9,54.0,sintetica,21,0
Praca Mauriceia,5,15,1,10,64.0,sintetica,27,1
Praça Novaes Filho,3,18,1,5,96.0,sintetica,59,0
Praça Do Derby,1,15,0,0,73.0,sintetica,28,0
Praça Da Rua Da Aurora,1,10,0,5,90.0,sintetica,45,0
Praça  De Campo Grande - Eudoro,3,7,1,4,88.0,sintetica,42,0
Praça Dom Bosco,0,22,0,6,48.0,sintetica,14,0
Academia Da Cidade,6,0,0,5,91.0,sintetica,48,0
Praça Da Restauração,5,20,0,11,27.0,sintetica,79,1
Praça Dos Pneus,3,8,0,11,73.0,sintetica,35,0
Praça Dom Vital,4,11,0,6,26.0,sintetica,52,0
Praça Do Rosarinho,2,21,0,1,42.0,sintetica,30,1
Praça Arão Botler,3,7,0,11,51.0,sintetica,32,0
Praça Vila Do Moinho Recife,6,16,0,0,81.0,sintetica,30,0
Praça Palminha / Próximo Ao Núcleo Policial / Padaria Flor Do Ibura,6,9,1,13,64.0,sintetica,20,1
Praça Da Madalena,1,6,0,6,87.0,sintetica,51,0
Parque Treze De Maio,1,18,0,8,49.0,sintetica,48,1
Praça Poliesportiva Da Ur4 Ibura,3,5,1,1,58.0,sintetica,25,0
Praça Professor Barreto Campello,2,20,0,11,24.0,sintetica,42,0
Praça Da Vila Teimosinho,3,23,0,6,86.0,sintetica,36,0
Praça Da Igreja,2,23,1,2,41.0,sintetica,10,0
Dr.Luis Ramos Leal,2,18,0,5,47.0,sintetica,53,0
Praça Thyago Fausto,6,17,0,2,41.0,sintetica,25,0
Praça Da Rua Junqueira Freire,6,14,1,12,48.0,sintetica,14,1
Praça Da Rua Pinheiro Machado,6,1,0,9,62.0,sintetica,55,0
Praça Avenida Professor José Dos Anjos,4,13,0,12,61.0,sintetica,27,0
Praça Do Caxanga,6,20,1,10,79.0,sintetica,87,1
Praça Encanta Moça/Posto Policial,5,9,1,10,96.0,sintetica,43,1
Praça Boco-Moco/Da Ur 5,1,15,1,10,90.0,sintetica,53,1
Praça José Vieira,1,6,0,4,93.0,sintetica,34,0
Parque Da Jaqueira,2,7,0,14,87.0,sintetica,51,0
Praça Palminha / Próximo Ao Núcleo Policial / Padaria Flor Do Ibura,1,9,0,1,78.0,sintetica,43,0
Praça Poço Da Panela,0,14,0,7,25.0,sintetica,24,0
"Praça. Ur 04 Ibura  , Junto Da Capela Nossa Senhora Aparecida Ur 4 Terminal",2,7,0,13,92.0,sintetica,13,1
Praça Da Rua 03,1,12,0,7,47.0,sintetica,13,0
Praça Da Bandeira,0,11,0,6,96.0,sintetica,34,0
Praça Saturnino De Brito,4,7,0,5,50.0,sintetica,50,0
Praça Dona Carminha & Sr João,1,14,0,0,58.0,sintetica,22,0
Praça Do Lixo Ao Luxo,0,11,0,7,69.0,sintetica,51,0
Praça Ulisses Leon De Oliveira,3,10,1,0,97.0,sintetica,55,1
Praca Da Ur6,5,18,0,7,56.0,sintetica,61,1
Praça Do Derby,3,13,0,10,91.0,sintetica,12,0
Praça Santa Eufrásia,0,17,1,1,34.0,sintetica,44,1
Praça Dalva De Oliveira,2,12,0,7,70.0,sintetica,57,0
Praça Phaelante Da Câmara,6,3,0,9,89.0,sintetica,18,0
Praça Cosme Viana,6,16,0,11,42.0,sintetica,23,0
Praça Alfredo Pinto,6,18,1,3,44.0,sintetica,96,1
Praça Aleixo De Oliveira,2,8,0,6,65.0,sintetica,57,1
Campo Do 15,1,22,0,4,42.0,sintetica,18,0
Praça Abelardo Rijo,6,6,1,7,29.0,sintetica,33,0
Parque Das Graças Lucia Moura,3,0,1,11,92.0,sintetica,32,1
Sem Nome,2,6,0,14,96.0,sintetica,46,0
Praça Augusto Rodrigues,2,6,1,5,51.0,sintetica,54,0
Praça Paulo Freire,6,19,1,13,70.0,sintetica,90,1
Praça Movicar,3,6,0,14,60.0,sintetica,45,0
Praça Profeta Joseph Smith,4,7,0,4,84.0,sintetica,23,0
Praça De Casa Forte,2,15,0,0,84.0,sintetica,29,0
Praça Tertuliano Feitosa,6,2,0,2,59.0,sintetica,48,0
Quatro De Outubro,5,12,1,9,37.0,sintetica,45,1
Praca Esmeralda,0,9,0,8,55.0,sintetica,36,0
Praça Abelardo Baltar,1,17,1,14,50.0,sintetica,26,1
Praça Do El Salvador,2,6,0,13,73.0,sintetica,35,0
Praça Vale Do Siriji,5,20,0,8,82.0,sintetica,64,0
Praça Virgilio De Oliveira,5,20,0,4,20.0,sintetica,69,0
Praça Do Lixo Ao Luxo,2,4,0,2,71.0,sintetica,12,0
Praça A.B.C (Abc),4,22,1,5,76.0,sintetica,98,0
Praça Da Gaia,0,23,0,4,28.0,sintetica,50,0
Praça Da Igreja,1,21,0,14,93.0,sintetica,49,0
Praça Miguel De Cervantes,2,6,0,0,75.0,sintetica,48,0
Praça Heiji Gemba,1,21,1,1,66.0,sintetica,16,0
Praça Truaca/Tempo De Crescer,3,16,1,11,22.0,sintetica,45,0
Praça Chayenne,5,3,0,4,21.0,sintetica,28,0
Praça José Bonifácio,5,23,0,13,73.0,sintetica,72,0
Praça Tertuliano Feitosa,2,22,0,8,56.0,sintetica,29,0
Praça Fleming,2,15,0,11,75.0,sintetica,47,1
Praça Arão Botler,3,18,0,3,50.0,sintetica,21,0
Praça Da Redenção,4,9,0,8,31.0,sintetica,38,0
Praça Truaca/Tempo De Crescer,2,2,0,2,77.0,sintetica,39,0
Praça Doutor Pedro Alves Neto,5,2,0,0,86.0,sintetica,29,0
Praça Angélica,1,16,0,5,45.0,sintetica,13,0
Praça Do Conjunto Habitacinal Josue Pinto,0,9,0,14,97.0,sintetica,11,0
Praça Odon De Alencar,6,16,0,9,31.0,sintetica,56,0
Praça Alberto Pinto,1,21,0,13,35.0,sintetica,39,0
Praça Getulio Vargas,4,16,0,6,72.0,sintetica,32,0
Largo Dom Luiz,0,20,0,3,91.0,sintetica,15,0
Praça Maurício De Nassau E Duarte Coelho,1,3,0,9,68.0,sintetica,27,0
Praça João Pessoa De Queiroz,1,20,1,4,68.0,sintetica,31,0
Pinto Damásio,3,22,0,3,26.0,sintetica,46,1
Praça Heiji Gemba,6,5,1,2,34.0,sintetica,13,0
Praça Carmela Dutra/Ipiranga,4,11,0,0,55.0,sintetica,52,0
Praça Morena Ramos,5,21,0,12,91.0,sintetica,89,0
Praça Raizes,3,19,0,5,93.0,sintetica,50,0
Praça Poliesportiva Da Ur4 Ibura,0,16,0,9,34.0,sintetica,44,0
Praça Do Colégio Jarbas Pernambucano,6,16,0,4,81.0,sintetica,20,0
Praça Dom José Pereira Alves,5,9,0,10,37.0,sintetica,43,0
Praça Rita Coelho Em Cavaleiro,3,6,0,0,65.0,sintetica,18,0
Praça Esperança,6,15,1,4,80.0,sintetica,40,0
Praça Raizes,4,12,0,5,62.0,sintetica,51,0
Praça Da Rua Arquiteto Luiz Nunes,2,2,0,9,63.0,sintetica,41,0
Praça Queira Deus,2,1,0,4,85.0,sintetica,52,0
Praça Da República,0,15,0,0,74.0,sintetica,44,0
Praça Otávio De Freitas,2,5,0,13,98.0,sintetica,58,0
Parque Dona Lindu,3,5,0,4,58.0,sintetica,20,0
Praça Do Pirulito,0,12,0,9,24.0,sintetica,26,0
Praça Odília Freire Dos Santos,5,6,0,0,76.0,sintetica,45,0
Praça Pantanal,4,4,0,10,34.0,sintetica,11,0
Praça Do Conjunto Habitacinal Josue Pinto,0,23,0,2,35.0,sintetica,33,0
Praça Do Trabalho,5,6,1,11,76.0,sintetica,55,1
Praça Das Flores,0,1,1,12,44.0,sintetica,24,1
Praça Josen Demery Carneiro,1,16,1,1,41.0,sintetica,37,0
Praça Professor Trajano,1,12,0,12,50.0,sintetica,12,0
Praça Arão Botler,0,20,0,0,53.0,sintetica,38,0
Praça Rio Branco,6,20,0,3,35.0,sintetica,99,1
Praça Miguel De Cervantes,2,15,0,1,89.0,sintetica,22,0
Praça Maurício De Nassau E Duarte Coelho,1,19,0,4,78.0,sintetica,59,0
Área Central Da Avenida José Américo De Almeida,6,1,1,9,34.0,sintetica,31,1
Praça Da Madalena,6,4,0,0,32.0,sintetica,40,0
Praça José Maria Do Nascimento Paraíba/Lixão,4,17,0,11,43.0,sintetica,16,0
Praça La Coruna,5,6,0,9,32.0,sintetica,57,0
Praça Lins Do Rego/Dos Brotos,3,10,0,0,84.0,sintetica,57,0
Praça Do Finado Leiteiro,1,10,0,10,55.0,sintetica,35,0
Praça Palminha / Próximo Ao Núcleo Policial / Padaria Flor Do Ibura,0,21,0,9,68.0,sintetica,40,0
Área Central Da Avenida José Américo De Almeida,2,16,0,3,67.0,sintetica,47,0
Praça Tempo De Crescer,3,15,0,6,62.0,sintetica,47,0
Praça São Benedito Pereira Dos Santos,5,12,0,13,25.0,sintetica,13,0
Praça Simão Borba,6,21,0,13,87.0,sintetica,75,0
Praça Castro Alves,5,4,1,1,33.0,sintetica,42,0
Praca Mauriceia,1,19,0,1,49.0,sintetica,12,0
Praça Monteiro Lobato,5,15,0,0,27.0,sintetica,28,0
A Praça É Nossa,5,21,1,4,73.0,sintetica,73,0
Praça Chayenne,2,21,0,5,85.0,sintetica,55,0
Praça Da Convenção,6,15,0,12,23.0,sintetica,28,0
Praça Maria Da Conceição,2,15,0,5,93.0,sintetica,28,0
Praça Do Amor,2,13,1,1,79.0,sintetica,35,1
Andresa Carla Gomes Do Nascimento,0,5,0,11,72.0,sintetica,22,0
Praça Zeppelin,5,1,0,11,93.0,sintetica,31,0
Praca Arlindo Araujo Filho,5,13,0,6,34.0,sintetica,57,0
Praça Arquiteta Maria Lucia,5,15,0,5,20.0,sintetica,17,0
Praça Jornalista Anibal Fernandes,4,22,1,7,41.0,sintetica,90,1
Praça Alfredo Ozório,2,19,0,5,34.0,sintetica,35,0
Mariazinha,3,12,0,8,93.0,sintetica,57,0
Praça Doutor Pedro Alves Neto,1,14,0,9,41.0,sintetica,50,0
Praça Da Gaia,6,11,0,1,69.0,sintetica,50,0
Praça Vale Do Siriji,3,8,1,6,67.0,sintetica,12,0
Praça Do Terço,6,17,1,4,92.0,sintetica,16,0
Praça Da Várzea,0,20,0,0,70.0,sintetica,59,0
Praça Da Conceição,0,13,1,2,36.0,sintetica,11,0
Rua Maria Adelaide Castelo Branco,6,19,0,3,70.0,sintetica,97,0
Praça Vitória Do Povo,5,3,1,11,56.0,sintetica,21,1
Praça Alice De Albuquerque,3,7,0,1,68.0,sintetica,57,0
Praca Da Ur6,5,7,0,6,78.0,sintetica,21,0
Praça Do Colégio Jarbas Pernambucano,4,21,0,0,29.0,sintetica,85,1
Praça Nova Bettis,0,21,0,2,49.0,sintetica,50,0
Praça Avenida Professor José Dos Anjos,0,15,0,11,40.0,sintetica,36,0
Praça Da Avenida General San Martin,3,23,1,8,53.0,sintetica,27,0
Praça João Francisco Lisboa,0,9,1,10,92.0,sintetica,13,1
Praça Nova Esperança,4,20,0,13,69.0,sintetica,89,0
Praça Encanta Moça/Posto Policial,4,16,0,1,95.0,sintetica,32,0
General Carlos Pinto,4,0,1,4,66.0,sintetica,30,0
Praça Da Igreja Nossa Senhora De Fatima,1,17,0,3,25.0,sintetica,45,0
Praça Jacarezinho,4,9,0,11,69.0,sintetica,39,0
Praça Do Caxanga,4,20,0,2,82.0,sintetica,97,0
Praça Flor De Cheiro,1,3,0,4,31.0,sintetica,30,0
Praça Rafael De Oliveira Alves,5,0,0,5,60.0,sintetica,32,0
Praça Dona Carminha & Sr João,2,3,0,0,50.0,sintetica,30,0
Praça Infantil John F. Kennedy,0,3,0,1,21.0,sintetica,17,0
Praça Alberico Glasner Da Rocha,4,3,0,0,35.0,sintetica,48,0
Praça Movicar,0,16,1,2,20.0,sintetica,22,0
Praça Clube Sargento Wolf,3,8,0,7,23.0,sintetica,49,0
Parque Da Jaqueira,0,18,0,7,66.0,sintetica,31,0
Praça Saturnino De Brito,6,12,0,3,84.0,sintetica,16,1
Praça Da Rua Quintino Bocaiuva,5,3,0,5,71.0,sintetica,33,0
Praça Jardim Uchôa,1,4,0,11,66.0,sintetica,14,0
Praça Do Lixo Ao Luxo,0,12,0,8,96.0,sintetica,59,0
Praça A.B.C (Abc),0,22,0,13,69.0,sintetica,35,0
Praça Sementes Do Amanhã,0,15,0,6,64.0,sintetica,19,0
Mariazinha,2,21,0,1,61.0,sintetica,20,0
Praça Do Caiara,2,4,0,10,75.0,sintetica,49,0
Praça Dr José Vilela,3,7,0,1,90.0,sintetica,47,0
General Carlos Pinto,1,15,0,2,76.0,sintetica,20,0
Praça Sena Vila Cardeal E Silva - Areias,0,0,1,7,52.0,sintetica,57,0
Praça Do Conjunto Habitacinal Josue Pinto,0,22,0,9,47.0,sintetica,39,0
Praça Conselheiro João Alfredo,0,5,0,14,63.0,sintetica,13,0
Praça Dom Vital,0,10,0,8,75.0,sintetica,11,0
Praça Gildo Macedo Lacerda,2,15,1,12,63.0,sintetica,22,0
Praça Da Rua Guarabira,5,4,0,13,92.0,sintetica,48,0
Macaxeira,5,15,0,2,53.0,sintetica,26,0
Praça Do Paraíso,3,6,0,8,33.0,sintetica,32,0
Praça Capiba,6,18,0,11,87.0,sintetica,97,0
Praça Phaelante Da Câmara,4,0,0,11,48.0,sintetica,19,0
Praça Gonçalo Leitão,1,8,0,9,98.0,sintetica,22,0
Praça Campo Do Lagoão,5,17,0,11,36.0,sintetica,51,0
Praça Arco Íris,6,12,1,7,28.0,sintetica,48,0
Praça Nadir Colaco,0,14,0,4,46.0,sintetica,51,0
Praça João Pereira Borges,5,2,0,10,68.0,sintetica,38,0
Superintendente João Gonçalves De Souza,3,23,0,9,98.0,sintetica,25,0
Praça Da Rua Carlos Gomes/ Do Cavalo Dourado,4,9,1,2,56.0,sintetica,12,0
Parque Sítio Da Trindade/Arraial V. Do Bom Jesus,5,8,0,10,47.0,sintetica,45,0
Praça Do Caxanga,3,12,1,6,69.0,sintetica,13,0
Praça Professor Agamenon Magalhães,2,15,0,8,74.0,sintetica,45,0
Praça Maracangaia,4,2,0,11,23.0,sintetica,25,0
Parque Da Jaqueira,3,21,0,5,38.0,sintetica,50,0
Praça Alto Jose Do Pinho,6,22,1,2,56.0,sintetica,89,1
Praça José Maria Do Nascimento Paraíba/Lixão,5,14,0,4,23.0,sintetica,51,0
Praça Tempo De Crescer,2,16,0,6,56.0,sintetica,37,0
Praça Do Caixito,6,13,0,7,70.0,sintetica,45,0
Praça Das Flores,3,6,0,12,51.0,sintetica,32,0
Thays Lucena,3,19,0,13,64.0,sintetica,21,0
Praça Alberico Glasner Da Rocha,6,15,1,11,31.0,sintetica,51,1
Praça Dr Fernando Figueira,5,20,0,3,60.0,sintetica,82,0
Praça Professor Jeronimo Gueiros,4,7,0,1,75.0,sintetica,21,0
Praça Thiago Pepeta,2,3,0,9,99.0,sintetica,41,0
Praça Esperança,0,19,0,1,33.0,sintetica,34,0
Praça Da Independência,1,23,0,11,73.0,sintetica,38,0
Praça Da Rua Caxangá Agape,4,14,0,2,82.0,sintetica,28,0
Praça Mercado Municipal Da Ur-5,2,4,0,7,84.0,sintetica,31,0
Praça Jules Rimet,6,12,1,0,77.0,sintetica,33,0
Praça Professor Ageu Magalhães,3,5,0,13,40.0,sintetica,42,0
Praça Da Rua João Rique. Iputinga Recife,6,4,0,6,23.0,sintetica,45,0
Praça Augusto Rodrigues,2,16,0,5,92.0,sintetica,54,0
Campo Do 15,6,6,0,13,65.0,sintetica,49,0
Praça Thyago Fausto,6,5,0,1,31.0,sintetica,55,0
Praça Carmela Dutra/Ipiranga,1,1,1,8,49.0,sintetica,25,0
Praça Da Esperança,5,10,0,12,79.0,sintetica,11,0
Praça Irmã Douraci,1,6,1,11,90.0,sintetica,17,1
Parque Dona Lindu,0,21,0,4,84.0,sintetica,22,0
Praça Do Cajueiro,0,20,0,1,33.0,sintetica,39,0
Praça Luiz Americo Willians,1,7,1,2,63.0,sintetica,10,0
Praça Da Quadra,4,4,1,6,45.0,sintetica,21,0
Praça De Casa Forte,4,17,1,6,35.0,sintetica,58,0
Praça Deputado Fabio Correa,6,21,0,9,26.0,sintetica,84,1
Praça Miguel De Cervantes,6,15,0,0,51.0,sintetica,57,0
Praça Do Tourão,3,13,0,14,35.0,sintetica,23,0
General Carlos Pinto,0,11,0,9,97.0,sintetica,51,0
Praça Joaquim Cavalcante,3,16,0,13,81.0,sintetica,44,0
Praça  Dos Brôtos,0,4,1,10,49.0,sintetica,37,1
Praça José Bonifácio,1,13,0,10,90.0,sintetica,21,0
Macaxeira,4,5,1,11,31.0,sintetica,49,1
Praça Do Internacional,6,14,0,3,86.0,sintetica,57,0
Praça Rio Branco,4,6,0,5,65.0,sintetica,33,0
Praça Da Rua Guarabira,1,13,0,7,62.0,sintetica,10,0
Praça Thyago Fausto,3,17,0,2,74.0,sintetica,26,0
Praça Do Bom Pastor,3,0,1,13,64.0,sintetica,47,1
Praça Da Mentira,2,5,0,2,79.0,sintetica,37,0
Parque Exposição Do Cordeiro,6,2,0,7,90.0,sintetica,42,1
Praça Otávio De Freitas,6,4,0,7,99.0,sintetica,33,0
Praça Geraldo Vilas Boas,6,11,0,7,51.0,sintetica,56,0
Praça Quitéria,0,10,1,0,27.0,sintetica,54,0
Praça Alfredo Pinto,3,12,0,7,96.0,sintetica,15,0
Praça Augusto Rodrigues,1,15,0,7,81.0,sintetica,30,0
Praça Da Bandeira,3,17,1,1,94.0,sintetica,54,0
Thomaz Lobo,4,16,0,11,39.0,sintetica,13,0
Praça Santa Eufrásia,0,16,1,8,37.0,sintetica,42,0
Praça Quartel General,6,10,0,6,25.0,sintetica,19,0
Praça Da Amizade,5,19,0,7,48.0,sintetica,90,1
Praça João Rique,2,9,1,1,23.0,sintetica,22,0
Praça Joaquim Nabuco,0,15,1,3,90.0,sintetica,45,0
Praça Da Quadra,4,1,0,6,62.0,sintetica,57,1
Quatro De Outubro,6,16,0,5,53.0,sintetica,18,0
Praça Capiba,4,21,1,6,90.0,sintetica,70,0
Praça Presidente Kennedy,4,19,0,0,52.0,sintetica,87,1
Praça Josenildo Lins,6,9,0,7,34.0,sintetica,29,0
Praça Artur Lima Cavalcanti,4,12,0,12,59.0,sintetica,17,0
Praça De Apipucos,1,11,0,6,24.0,sintetica,36,0
Praça Professor Doutor Antônio Figueira,2,14,0,12,97.0,sintetica,45,0
Praça  João Maurício Campos,5,6,1,3,69.0,sintetica,18,0
Pracinha Da Estação Do Barro,4,21,0,0,85.0,sintetica,85,0
Praça Luiz Americo Willians,4,20,1,14,73.0,sintetica,90,1
Trevo Da Ur2,3,12,0,7,99.0,sintetica,46,0
Praça Do Finado Leiteiro,2,11,0,9,65.0,sintetica,50,0
Praça Profeta Joseph Smith,0,11,0,6,99.0,sintetica,49,0
Praça Vale Do Siriji,2,1,0,7,30.0,sintetica,39,0
Praça Da Rua Junqueira Freire,2,4,0,9,68.0,sintetica,35,0
Praça De Dona Vilma,6,1,0,0,42.0,sintetica,13,1
Praça Do Vasco Da Gama,6,22,0,4,74.0,sintetica,82,0
Praça Jornalista Anibal Fernandes,6,19,0,8,24.0,sintetica,94,1
Praça Da Chesf,5,12,0,4,83.0,sintetica,37,0
Praça Maria Da Conceição,2,2,1,12,54.0,sintetica,54,1
Prc   Rua Augusto Bamberg De Melo,5,10,1,13,88.0,sintetica,33,1
Praça Do Rosário,4,15,0,13,73.0,sintetica,37,0
Praça Do Caxanga,6,0,0,9,22.0,sintetica,37,0
Praça José Cicílio,4,18,0,11,25.0,sintetica,99,1
Praça Dona Elizabeth,6,10,1,2,75.0,sintetica,41,0
Praça  De Campo Grande - Eudoro,1,8,0,8,21.0,sintetica,39,0
Praça Da Rua Arquiteto Luiz Nunes,5,13,0,12,57.0,sintetica,30,0
Praça Da Rua Pinheiro Machado,5,8,1,8,75.0,sintetica,51,0
Praça Chora Menino,0,6,1,3,24.0,sintetica,25,0
Praça Das Flores,3,15,0,3,65.0,sintetica,17,0
Praça Joaquim Nabuco,2,2,0,10,30.0,sintetica,21,0
Praça Do Terminal Da Guabiraba,0,18,0,7,84.0,sintetica,41,0
Peixinhos,5,3,0,6,29.0,sintetica,34,0
Praça Pedro Brandão,0,6,0,10,60.0,sintetica,12,0
Praça Márcio Codonga,1,22,0,4,63.0,sintetica,35,0
Praça Sabere,3,11,0,5,52.0,sintetica,45,0
Praça Onze De Junho,5,17,0,14,75.0,sintetica,26,0
Praça Monteiro Lobato,5,4,0,2,31.0,sintetica,36,0
Praça Otávio De Freitas,2,22,1,13,21.0,sintetica,31,0
Praça Da Rua Itacambira,6,22,0,14,20.0,sintetica,76,1
Praça General Euler Bentes/Da Sudene,3,21,1,5,84.0,sintetica,47,0
Praça Luz Da Fraternidade,1,9,1,12,52.0,sintetica,44,1
Praça Do Campo Santo,4,11,0,7,95.0,sintetica,55,0
Praça Da Rua Clotilde Machado,0,7,0,9,55.0,sintetica,16,0
Praça Da Rua José Fernandes Portugal,2,18,0,13,40.0,sintetica,12,0
Praça Alfredo Pinto,5,14,0,12,55.0,sintetica,15,0
Praça Sabere,4,0,1,10,45.0,sintetica,22,1
Praça Da Roda De Fogo,1,2,0,8,66.0,sintetica,55,0
Praça Sítio Das Palmeiras,3,17,0,2,20.0,sintetica,24,0
Praça Todos Os Santos,0,17,0,7,57.0,sintetica,35,0
Campo Do Imperio,2,1,0,11,33.0,sintetica,57,0
Vila Dos Bancários,5,4,0,2,65.0,sintetica,42,0
Praça Virgilio De Oliveira,5,0,0,1,61.0,sintetica,24,0
Praça Conselheiro João Alfredo,4,9,0,4,26.0,sintetica,48,0
Praça Santa Eufrásia,4,19,0,13,74.0,sintetica,76,0
Praça Ascenço Ferreira,0,9,1,3,75.0,sintetica,56,0
Praça Da Rua Riacho Doce,3,4,0,12,95.0,sintetica,23,0
Praça Do Berardo,1,17,0,4,82.0,sintetica,28,0
Praça Vila Do Moinho Recife,6,20,0,5,43.0,sintetica,82,1
Praça 3º Jardim De Boa Viagem,3,14,0,14,92.0,sintetica,33,0
Praça Do Paraíso,3,19,0,2,23.0,sintetica,59,0
Praça Getulio Vargas,3,7,0,0,61.0,sintetica,50,0
Praça Márcio Codonga,6,16,0,14,89.0,sintetica,42,0
Praça Alfredo Pinto,0,11,0,3,47.0,sintetica,21,0
Praça Academia Da Saúde Alto Da Conquista,6,20,0,5,59.0,sintetica,61,0
Praça Jornalista Otávio Sarmento Cardoso/Coliseu,0,11,0,1,70.0,sintetica,16,0
Praça Arari Ferreira Fonseca,6,0,0,1,48.0,sintetica,55,0
Praça Doutor Pádua Walfrido,1,3,0,0,61.0,sintetica,10,0
Praça Da Rua José Pimentel,3,7,0,8,88.0,sintetica,24,0
Praça Jornalista Francisco Pessoa De Queiroz,0,0,0,2,24.0,sintetica,10,0
Praça 3º Jardim De Boa Viagem,6,14,0,1,60.0,sintetica,54,0
Avenida Sul,1,17,0,3,80.0,sintetica,29,0
Praça Odon De Alencar,6,0,1,5,74.0,sintetica,11,0
Praça Salgueiro,5,10,0,0,47.0,sintetica,12,0
Praça Fernando Galvão,1,22,0,8,60.0,sintetica,45,0
Praça Da Rua Clotilde De Machado I E Ii,3,1,0,8,28.0,sintetica,25,0
Praça Professora Antonia Galvão,2,0,0,7,48.0,sintetica,38,1
Praça Da Portelinha,3,11,0,5,97.0,sintetica,53,0
Praça Da Ong Do Rio - Nova Morada,2,15,0,3,57.0,sintetica,45,0
Parque Do Forte Do Arraial Novo Do Bom Jesus,1,21,0,1,81.0,sintetica,53,0
Praça Vale Do Siriji,5,21,0,7,73.0,sintetica,99,0
Praça Do Salgueiro,5,9,0,6,71.0,sintetica,12,0
Praça Olavo Bilac,0,17,0,11,53.0,sintetica,46,0
Arlindo Gouveia,5,14,0,13,56.0,sintetica,53,0
Praça Bambu,4,16,0,3,68.0,sintetica,21,0
Praça João Vinte E Três,1,9,0,2,61.0,sintetica,29,0
Praça Monsenhor Arruda Camara,0,2,0,14,33.0,sintetica,32,0
Praça Chayenne,5,20,0,5,52.0,sintetica,72,0
Praça Chayenne,1,15,0,14,36.0,sintetica,41,0
Praça Sebastião Malta,3,5,0,14,94.0,sintetica,16,1
Praça Do Derby,5,2,0,0,51.0,sintetica,31,0
Praça Engenho Poeta/Do Rotary,6,8,0,1,98.0,sintetica,53,0
Praça Do Lixo Ao Luxo,2,10,0,6,87.0,sintetica,11,0
Praça Astério Rufino Alves,1,20,0,10,58.0,sintetica,23,0
Praça Da Independência,0,12,0,2,29.0,sintetica,25,0
Parque Doutor Arnaldo Assunção,3,17,0,13,43.0,sintetica,33,0
Praça Josenildo Paes Barreto,4,21,0,12,77.0,sintetica,61,0
Praça Astério Rufino Alves,3,23,1,0,88.0,sintetica,13,0
Fabiano Da Jora,5,21,0,1,83.0,sintetica,90,0
Praça Odília Freire Dos Santos,2,3,0,9,38.0,sintetica,55,0
Parque Exposição Do Cordeiro,3,21,0,9,27.0,sintetica,50,0
Praça Da Várzea,4,23,0,13,90.0,sintetica,90,0
Praça Luiz Gonzaga,6,7,0,8,59.0,sintetica,11,0
Praça Aúreo Xavier,0,12,0,6,32.0,sintetica,14,0
Glaucineide Ferraz Da Silva,1,9,1,6,46.0,sintetica,12,0
Praça Do Fundão,2,1,0,13,21.0,sintetica,51,0
Praça Beatriz Pereira Carneiro,4,7,0,9,35.0,sintetica,17,0
Praça Henrique Café,5,5,0,7,33.0,sintetica,35,0
Praça Do S,5,15,0,14,36.0,sintetica,19,0
Praça Othon Bezerra De Melo,5,17,0,11,79.0,sintetica,43,0
Praça Luiz De Lacerda,2,16,0,11,89.0,sintetica,55,0
Praça Bernardo Vieira De Melo,3,5,0,7,36.0,sintetica,45,0
Parque Das Graças Lucia Moura,2,12,0,8,64.0,sintetica,21,0
Praça Coronel Silva Torres,5,22,1,1,57.0,sintetica,66,0
Praça Estação Macaco,6,13,0,13,83.0,sintetica,38,0
Praça Da  Singapura,4,20,0,7,25.0,sintetica,67,0
Praça Da Rua Clotilde De Machado I E Ii,1,9,0,7,79.0,sintetica,57,0
José Carlos Ferreira,1,23,1,12,68.0,sintetica,14,0
Centro Social Bidu Krause,2,10,0,4,40.0,sintetica,57,1
Gilvania De Oliveira Moura Sá,5,12,0,4,42.0,sintetica,36,0
Praça André Negromonte,0,11,1,3,95.0,sintetica,13,0
Largo Dom Luiz,6,8,0,13,76.0,sintetica,38,0
Praça Filonila Ferreira,2,3,0,4,83.0,sintetica,12,0
Praça Faca Cega,5,6,0,1,48.0,sintetica,42,0
Praça Da Avenida Da Recuperação,3,23,0,1,46.0,sintetica,39,0
Praça Do Colégio Jarbas Pernambucano,1,21,1,4,25.0,sintetica,45,0
Praça Jacarezinho,1,1,0,10,40.0,sintetica,18,0
"Praça. Ur 04 Ibura  , Junto Da Capela Nossa Senhora Aparecida Ur 4 Terminal",6,6,0,12,90.0,sintetica,10,0
Praça El Salvador,1,8,1,2,60.0,sintetica,57,0
Praça Do Mercado Da Madalena,0,4,0,0,99.0,sintetica,32,0
Praça Do Internacional,5,14,0,8,24.0,sintetica,12,0
Praça Governador Paulo Guerra,5,17,0,1,34.0,sintetica,41,0
Praça Do Candieiro,6,3,0,13,40.0,sintetica,33,0
Praça Centro Campo Grande,5,18,0,11,77.0,sintetica,87,0
Praça Queira Deus,6,19,1,13,23.0,sintetica,89,1
Praça Josenildo Paes Barreto,5,6,0,9,88.0,sintetica,58,0
Praça Alto Da Serrinha,0,7,0,1,26.0,sintetica,24,0
Praça Nova Morada,4,16,0,13,54.0,sintetica,39,0
Praça Da Rua Pinheiro Machado,2,12,0,3,55.0,sintetica,21,0
Praça Da Portelinha,2,23,0,1,34.0,sintetica,49,0
Largo Visconde De Mauá,5,20,0,6,21.0,sintetica,69,0
Praca Mauriceia,3,22,1,14,76.0,sintetica,44,1
Praça Lagoa Do Araça,1,10,0,11,24.0,sintetica,37,0
Praça Tempo De Crescer,0,0,0,9,90.0,sintetica,13,0
Praça Do Largo Da Ponte Do Motocolombo,3,1,0,14,51.0,sintetica,16,0
Praça Largo De Monte Verde,3,16,0,0,91.0,sintetica,56,0
Praça Alberico Glasner Da Rocha,5,4,0,10,60.0,sintetica,52,0
Sem Nome,0,5,0,1,61.0,sintetica,25,0
Praça Joaquim Cardoso/Da Biblioteca,2,23,0,10,94.0,sintetica,31,0
Mariazinha,1,6,1,4,84.0,sintetica,55,1
Praça Aleixo De Oliveira,2,20,0,14,59.0,sintetica,54,0
Praça Souto Filho,3,14,0,1,57.0,sintetica,50,0
Praça Do El Salvador,1,18,0,8,61.0,sintetica,34,0
Praça De Boa Viagem,4,15,0,3,56.0,sintetica,59,0
Praça Cais Edgar Amorim,3,12,0,8,75.0,sintetica,12,0
Andresa Carla Gomes Do Nascimento,2,4,0,10,90.0,sintetica,31,0
Praça Da Rua Príncipe Da Beira,2,2,0,11,74.0,sintetica,40,0
Fabiano Da Jora,5,2,0,0,73.0,sintetica,46,0
Praça Da Madalena,2,18,0,0,41.0,sintetica,31,1
Praça Manuel Markman,0,13,0,0,46.0,sintetica,36,0
Praça Joca Leal,3,15,0,13,66.0,sintetica,11,0
Praça Robert Kennedy/Da Juventude,6,21,1,3,57.0,sintetica,89,1
Quatro De Outubro,6,16,0,8,58.0,sintetica,26,0
Praça Av Do Forte,1,3,0,7,34.0,sintetica,57,0
Praça Cívica,2,12,0,6,85.0,sintetica,29,0
Praça Vereador Carlos Duarte,5,7,1,14,80.0,sintetica,33,1
Praça Da Amizade,5,18,0,0,79.0,sintetica,62,0
Praça Do Fundão,2,4,0,2,27.0,sintetica,40,0
Praça Professor Barreto Campello,0,1,0,8,63.0,sintetica,52,0
Praça Da Comunidade,5,14,0,14,62.0,sintetica,17,0
Praça Da Gaia,6,1,0,8,25.0,sintetica,14,0
Praça 3º Jardim De Boa Viagem,1,10,0,4,46.0,sintetica,11,0
Praça Da Vila Teimosinho,3,12,0,11,64.0,sintetica,13,0
Praça Da Rua Abc,4,22,0,12,42.0,sintetica,79,1
Praça Josen Demery Carneiro,0,9,0,5,32.0,sintetica,43,0
Praça Silva Jardim,5,2,0,10,87.0,sintetica,12,0
Praça Raizes,3,4,0,12,83.0,sintetica,57,0
Dr.Luis Ramos Leal,4,2,0,5,44.0,sintetica,29,0
Praça Das Criancas,2,5,1,9,71.0,sintetica,18,1
Praça Tertuliano Feitosa,2,12,0,3,67.0,sintetica,15,0
Praça Engenho Massangana,1,9,0,0,80.0,sintetica,56,0
Praça Cristo Rei,4,18,0,4,36.0,sintetica,71,0
Praça Barão Da Soledade,2,7,0,12,59.0,sintetica,50,0
Praça Do Trabalho,2,17,0,0,94.0,sintetica,47,0
Praça São Francisco/Amante Das Flores,6,2,0,0,88.0,sintetica,44,1
Travessa Tiradentes,5,23,1,10,45.0,sintetica,77,1
Praça Sítio Das Palmeiras,1,23,0,4,99.0,sintetica,22,0
Praça Izabel De Goes,3,16,0,4,75.0,sintetica,35,0
Superintendente João Gonçalves De Souza,2,7,1,6,59.0,sintetica,31,0
Vila Dos Bancários,6,9,1,1,87.0,sintetica,41,0
Praça Da Rua João Rique. Iputinga Recife,0,1,0,14,27.0,sintetica,24,0
Arlindo Gouveia,0,11,0,5,92.0,sintetica,20,0
Praça São José Dos Manguinhos,3,22,0,1,64.0,sintetica,25,0
Praça Augusto Rodrigues,4,5,0,14,36.0,sintetica,56,0
Área Central Da Avenida José Américo De Almeida,1,1,0,12,60.0,sintetica,15,0
Praça Da Rua Professor Avertano Rocha,6,20,0,9,96.0,sintetica,84,0
Praça De Nova Morada,5,22,1,4,28.0,sintetica,98,1
Praça Luiz Inácio Pessoa De Mello,6,23,0,3,89.0,sintetica,89,0
Praça Tamarindo,0,2,0,10,43.0,sintetica,25,0
Praça Do Iml,0,16,0,9,92.0,sintetica,21,0
Praça Tertuliano Feitosa,3,6,0,4,30.0,sintetica,16,0
Praça De Casa Forte,4,20,0,1,54.0,sintetica,98,1
Praça Da Vtiória,4,4,0,7,48.0,sintetica,36,0
Praça De Frente A Chesf,3,22,0,7,27.0,sintetica,33,0
Praça Marcelino Champagnat,6,0,0,5,36.0,sintetica,59,0
"Praça. Ur 04 Ibura  , Junto Da Capela Nossa Senhora Aparecida Ur 4 Terminal",0,7,0,2,90.0,sintetica,24,0
Praça Da Madalena,6,11,0,3,31.0,sintetica,15,0
Praça Alice De Albuquerque,6,13,0,0,98.0,sintetica,28,0
Centro Social Bidu Krause,1,15,0,8,69.0,sintetica,17,0
Praça Brasilit,0,9,0,9,43.0,sintetica,56,0
Praça  De Campo Grande - Eudoro,4,14,0,4,56.0,sintetica,45,0
Praça Da Rua José Augusto De Barros,5,20,0,13,97.0,sintetica,87,0
Praça Carmela Dutra/Ipiranga,6,23,0,7,30.0,sintetica,90,1
Praça Sitio Grande,0,14,0,2,78.0,sintetica,42,0
Tertuliano Feitosa,6,9,0,3,74.0,sintetica,41,0
Praça Jardim Uchôa,1,20,1,3,46.0,sintetica,37,0
Praça Clotilde Machado,2,6,0,7,86.0,sintetica,49,0
Praca Da Ur6,0,2,0,14,79.0,sintetica,58,0
Praça Marcantônio Vilaça,3,1,0,11,21.0,sintetica,19,0
General Carlos Pinto,2,5,0,8,87.0,sintetica,42,0
Arlindo Gouveia,6,20,0,2,37.0,sintetica,64,0
Praça Eduardo Cardoso/Gregório Albuquerque,3,8,1,6,39.0,sintetica,30,0
Praça Virgilio De Oliveira,3,9,1,8,82.0,sintetica,14,0
Viaduto Da Via Mangue,3,3,0,1,97.0,sintetica,10,0
Praça Do Alto Da Serrinha,0,2,1,3,91.0,sintetica,30,0
15 De Setembro,4,8,0,2,21.0,sintetica,34,1
Praça La Coruna,6,23,0,7,61.0,sintetica,89,0
Praça Dona Carminha & Sr João,2,21,0,3,47.0,sintetica,54,0
Rua Maria Adelaide Castelo Branco,1,16,0,8,48.0,sintetica,18,0
Praça Do Entrocamento,4,13,0,0,88.0,sintetica,25,0
Praça  Dos Brôtos,6,9,0,0,47.0,sintetica,37,0
Praça Alberico Glasner Da Rocha,0,12,0,3,79.0,sintetica,49,0
Praça Geraldo Vilas Boas,3,11,0,2,24.0,sintetica,55,0
Praça Dom Helder,1,0,0,2,34.0,sintetica,58,0
Praça João Rique,6,21,0,9,92.0,sintetica,72,0
Praça Tertuliano Feitosa,2,18,0,11,51.0,sintetica,48,0
Praça Francisco Apolônio Jorge Sales,6,18,0,1,71.0,sintetica,89,0
Quatro De Outubro,4,5,0,13,56.0,sintetica,33,0
Praça Da Rua José Pimentel,5,12,1,9,34.0,sintetica,25,1
Praça Da Várzea,4,18,0,9,60.0,sintetica,87,0
Praça Dom Bosco,6,12,1,1,23.0,sintetica,57,0
Praça André Antunes,1,21,0,7,72.0,sintetica,43,0
Praça Dom Bosco,6,20,0,0,46.0,sintetica,62,0
Praça Vila Do Moinho Recife,6,3,1,13,40.0,sintetica,56,1
Praça Das Criancas,0,23,0,14,79.0,sintetica,20,0
Praça Joca Leal,2,1,0,7,83.0,sintetica,54,0
Praça Sabere,1,14,0,9,90.0,sintetica,45,0
Praça Da Rua Sargento Rubens Leite,6,11,0,2,66.0,sintetica,10,0
Praça Domingos Giovanetti,3,6,0,1,73.0,sintetica,56,0
Praça Thiago Pepeta,2,19,0,8,50.0,sintetica,21,0
Praça Santa Lucia,4,17,1,4,36.0,sintetica,30,0
Praça A.B.C (Abc),1,22,0,14,69.0,sintetica,18,0
Praça Governador Paulo Guerra,4,12,0,13,26.0,sintetica,48,0
Praça Monteiro Lobato,6,16,1,4,47.0,sintetica,12,0
Praça Do Rosário,4,3,0,12,29.0,sintetica,25,0
Praça Do Cajueiro,4,13,0,5,46.0,sintetica,13,0
Praça Paulo Freire,0,19,0,3,32.0,sintetica,35,0
Parque Da Jaqueira,4,12,0,6,85.0,sintetica,55,0
Praça Do Entrocamento,3,2,0,6,79.0,sintetica,22,0
Praça Luz Da Fraternidade,3,17,0,10,62.0,sintetica,29,0
Praça Silva Jardim,2,13,0,8,88.0,sintetica,28,0
Praça Treze De Junho,6,14,1,5,82.0,sintetica,36,0
Praça Casarão Alto Do Ceu,5,2,0,12,89.0,sintetica,11,0
Praça Maria Madalena Bispo,4,0,0,0,84.0,sintetica,19,0
Praça Castro Alves,4,23,0,8,86.0,sintetica,86,0
Praça Riacho Doce,1,16,0,11,73.0,sintetica,28,0
Praça Do Bueirão,0,2,0,12,55.0,sintetica,24,0
Praça Padre Romano Zuferey,5,13,0,9,90.0,sintetica,48,0
Praça De Frente A Chesf,2,2,0,8,34.0,sintetica,56,0
Praça Rita Coelho Em Cavaleiro,5,12,1,4,94.0,sintetica,58,0
"Praça. Ur 04 Ibura  , Junto Da Capela Nossa Senhora Aparecida Ur 4 Terminal",4,14,0,6,37.0,sintetica,33,0
Praça Alfredo Pinto,1,17,0,0,23.0,sintetica,25,0
Praça Dr Lula Cabral De Melo,6,13,0,3,30.0,sintetica,26,0
Praça Da Rua Da Aurora,0,20,0,11,25.0,sintetica,25,0
Praça Sérgio Loreto,6,2,0,9,70.0,sintetica,27,0
Praça De Apipucos,2,18,0,3,77.0,sintetica,58,0
Praca Arlindo Araujo Filho,5,7,1,4,79.0,sintetica,13,0
Praça Da Ur5 Ibura,2,3,0,5,37.0,sintetica,11,0
Praça Odon De Alencar,4,3,0,3,98.0,sintetica,58,0
Praça Mercia De Albuquerque,2,18,0,5,86.0,sintetica,58,0
Praça Do Ipê,6,10,1,9,36.0,sintetica,40,1
Praça Vila Do Moinho Recife,1,0,0,6,53.0,sintetica,11,0
Praça De Nova Morada,2,7,0,2,49.0,sintetica,11,0
Praça Do Salgueiro,3,14,0,8,38.0,sintetica,24,0
Praça Estevão De Sá,1,0,0,7,28.0,sintetica,57,0
Praça Do Forte Do Brum,5,6,0,0,59.0,sintetica,52,0
Praça Do Terço,0,20,0,12,63.0,sintetica,38,0
Arlindo Gouveia,0,19,0,1,78.0,sintetica,43,0
Praça Robert Kennedy/Da Juventude,4,19,0,1,44.0,sintetica,90,1
Praça Vinte De Julho,4,23,0,9,90.0,sintetica,65,0
Praça Artur Lima Cavalcanti,3,10,0,8,72.0,sintetica,30,0
Praça Odília Freire Dos Santos,5,13,0,11,67.0,sintetica,39,0
Praça Centro Campo Grande,6,21,1,8,90.0,sintetica,91,0
Praça Raizes,0,15,0,8,72.0,sintetica,53,0
Praça Dona Carminha & Sr João,0,13,0,0,68.0,sintetica,23,0
Praça Novaes Filho,0,11,0,6,62.0,sintetica,37,0
Praça Chico Science,6,16,0,14,38.0,sintetica,23,0
Praça Do Moinhos,0,13,0,11,85.0,sintetica,53,0
Praça Tertuliano Feitosa,2,9,0,10,53.0,sintetica,43,0
Praça Josen Demery Carneiro,5,23,0,12,92.0,sintetica,68,0
Praça Alfredo Pinto,1,13,0,2,73.0,sintetica,34,0
Praça Da Roda De Fogo,1,17,0,10,20.0,sintetica,21,0
Praça Da Rua Quintino Bocaiuva,3,21,0,8,74.0,sintetica,50,0
Praça Sítio Das Palmeiras,2,8,1,7,34.0,sintetica,49,0
Praça Da Independência,0,16,0,2,34.0,sintetica,29,0
Praça Estevão De Sá,0,5,0,0,42.0,sintetica,57,0
Praça Campo Do Lagoão,4,7,0,8,85.0,sintetica,51,0
José Mora De Silveira,4,12,0,12,65.0,sintetica,16,0
Praça De Campo Grande,3,17,0,9,28.0,sintetica,24,0
Praça João Pereira Borges,0,4,0,0,85.0,sintetica,18,0
Praça Maracangaia,3,5,0,14,85.0,sintetica,13,1
Pracinha Das Crianças,2,20,0,2,37.0,sintetica,40,0
Praça Profeta Joseph Smith,1,18,0,12,36.0,sintetica,32,0
Praça Monsenhor Arruda Camara,0,3,0,5,91.0,sintetica,15,0
Praca Esmeralda,5,6,0,5,53.0,sintetica,37,0
Praça Luiz De Lacerda,6,3,0,13,88.0,sintetica,21,0
Praça Robert Kennedy/Da Juventude,2,10,0,10,83.0,sintetica,56,0
Praça Noel Rodrigues,0,11,0,9,63.0,sintetica,31,0
Praça Da Lagoa Encantada,6,13,1,3,48.0,sintetica,33,0
Praça Av Do Forte,5,12,0,1,81.0,sintetica,43,0
Praça São Pedro,4,9,0,12,35.0,sintetica,28,0
Praça Rita Coelho Em Cavaleiro,3,17,0,9,97.0,sintetica,33,0
Praça Batista Da Silva,4,15,0,5,71.0,sintetica,29,0
Praça Lins Do Rego/Dos Brotos,1,4,0,9,21.0,sintetica,43,1
Praça Barão Da Soledade,4,7,0,4,80.0,sintetica,56,0
Praça Nadir Colaco,0,13,0,12,23.0,sintetica,36,0
Praça Márcio Alves,5,4,1,5,71.0,sintetica,53,0
Praça Cafesopolis,4,23,0,6,60.0,sintetica,86,0
Praça Do Amor,0,7,1,10,71.0,sintetica,10,1
Praça Do Salgueiro,1,5,0,8,50.0,sintetica,55,0
Parque Do Forte Do Arraial Novo Do Bom Jesus,6,15,0,11,45.0,sintetica,45,0
Praça Filonila Ferreira,5,3,0,11,46.0,sintetica,52,0
Praça Robert Kennedy/Da Juventude,4,11,0,13,70.0,sintetica,48,0
Praça Da Independência,3,10,0,6,67.0,sintetica,54,1
Praça Cristo Rei,3,2,1,3,30.0,sintetica,55,0
Praça Luiz Albacora,5,11,1,9,27.0,sintetica,16,1
Praça Todos Os Santos,3,4,0,4,31.0,sintetica,52,0
Prc   Rua Augusto Bamberg De Melo,4,5,0,14,64.0,sintetica,29,0
Glaucineide Ferraz Da Silva,4,18,0,12,53.0,sintetica,82,1
Praça Deputado Fabio Correa,5,17,0,5,96.0,sintetica,34,0
Praça  João Maurício Campos,4,15,0,12,91.0,sintetica,52,0
Praça Engenho Massangana,6,22,0,8,66.0,sintetica,64,0
Praça Da Vtiória,0,10,1,4,40.0,sintetica,18,0
Praca Mauriceia,1,4,0,4,60.0,sintetica,36,0
Praça Nova Morada,6,8,1,6,94.0,sintetica,37,0
Largo Visconde De Mauá,6,2,0,1,41.0,sintetica,34,0
Praça Faca Cega,3,7,0,2,40.0,sintetica,45,0
Praça Jockey Clube,0,5,0,11,47.0,sintetica,43,0
15 De Setembro,5,3,0,1,86.0,sintetica,11,0
Jardim Do Forte,3,11,1,9,90.0,sintetica,18,1
Praça Da Av. Do Forte,0,11,1,9,33.0,sintetica,28,1
Praça Isabel Cabral,4,20,0,11,98.0,sintetica,72,0
Praça Da Rua Leonardo Da Vinci,5,15,1,13,92.0,sintetica,30,1
Praça Parque Amorim,5,9,0,1,71.0,sintetica,59,0
Praça Do Tourão,3,21,0,2,62.0,sintetica,25,0
General Carlos Pinto,4,13,0,5,90.0,sintetica,11,0
Praça Do Colégio Jarbas Pernambucano,3,12,1,4,95.0,sintetica,35,0
Praça Domingos Giovanetti,2,8,0,10,38.0,sintetica,53,0
Praça Angélica,0,6,1,14,46.0,sintetica,38,1
Praça Largo Dona Regina,2,11,0,13,37.0,sintetica,42,0
Praça Domingos Giovanetti,0,4,1,12,32.0,sintetica,43,1
Praça Do Comar,1,17,0,4,20.0,sintetica,55,0
Praça Dancing Deys,6,3,0,1,53.0,sintetica,36,0
Praça Monsenhor Arruda Camara,5,1,0,1,32.0,sintetica,16,0
Praça Centro Campo Grande,3,2,0,11,70.0,sintetica,58,0
Domingos Gilvaneti,1,11,0,0,20.0,sintetica,24,0
Praça Jacarezinho,1,2,1,2,47.0,sintetica,26,0
Praça Castro Alves,5,3,1,11,51.0,sintetica,18,1
Praça Professora Antonia Galvão,5,5,0,11,91.0,sintetica,22,0
Praça Desenhista Eulino Santos,0,11,0,10,74.0,sintetica,41,0
Praça Robert Kennedy/Da Juventude,2,18,0,13,45.0,sintetica,11,0
Fabiano Da Jora,4,9,0,6,33.0,sintetica,41,0
Praça Augusto Rodrigues,0,0,0,10,87.0,sintetica,56,0
Praça Da Rua Da Aurora,4,16,0,4,82.0,sintetica,29,0
Praça Engenho Massangana,1,15,0,6,33.0,sintetica,52,0
Praça Da Guabiraba,4,8,0,8,46.0,sintetica,28,0
Pracinha Da Estação Do Barro,2,20,0,5,60.0,sintetica,55,0
Pra Eudora,0,8,0,1,22.0,sintetica,36,0
Praça Elvira Andrade De Souza,5,22,0,0,78.0,sintetica,71,0
Praça Industrial Miguel Santos,2,8,0,0,42.0,sintetica,39,0
Praça Zeppelin,6,11,0,9,37.0,sintetica,20,0
Praça Luiz De Lacerda,2,22,1,8,93.0,sintetica,25,0
Praça Rio Branco,6,8,0,13,95.0,sintetica,35,0
Praça Da Guabiraba,0,14,0,5,60.0,sintetica,39,0
Praça Ministro João Gonçalves De Souza,5,1,0,5,27.0,sintetica,11,0
Praça Ayrton Senna,2,10,0,3,51.0,sintetica,43,0
Praça Zumbi Dos Palmares,6,10,0,11,60.0,sintetica,50,0
Praça Da Juventude,5,7,0,13,64.0,sintetica,31,0
Praça Do Vasco Da Gama,3,22,0,1,97.0,sintetica,40,0
Praça Da Mentira,3,5,1,9,28.0,sintetica,30,1
Gilvania De Oliveira Moura Sá,3,20,0,2,67.0,sintetica,45,0
Praça Saturnino De Brito,4,19,1,2,43.0,sintetica,88,1
Praça Rafael De Oliveira Alves,2,6,1,7,63.0,sintetica,32,0
Praça Ascenço Ferreira,0,2,0,5,77.0,sintetica,35,0
Praça Da Mauricéia,0,7,0,6,85.0,sintetica,27,0
Sem Nome,4,17,0,8,37.0,sintetica,24,0
Praça Franco Gomes Coutinho,0,16,0,0,99.0,sintetica,43,0
Praça Pedro Brandão,6,10,1,1,48.0,sintetica,31,0
Parque Dona Lindu,3,1,0,14,94.0,sintetica,37,0
Bruno Soares Claudina Da Silva,2,20,0,8,21.0,sintetica,52,0
Praça Compositor Antônio Maria,0,23,1,4,97.0,sintetica,58,0
Praça Do S,0,18,1,3,87.0,sintetica,16,0
Praça Márcio Alves,1,6,0,0,58.0,sintetica,49,0
Praça Do Jordão,1,17,1,8,92.0,sintetica,51,0
Praça Dr Fernando Figueira,1,7,0,10,60.0,sintetica,33,0
Pinto Damásio,2,13,0,12,90.0,sintetica,44,1
Praça Getulio Vargas,3,6,0,8,94.0,sintetica,22,0
15 De Setembro,5,20,0,3,41.0,sintetica,72,0
Praça Pedro Brandão,3,3,0,8,68.0,sintetica,22,0
Praça Do Jardim São Paulo,3,16,0,9,47.0,sintetica,40,0
Praça Eduardo Cardoso/Gregório Albuquerque,2,4,0,12,35.0,sintetica,28,0
Praça Doutor Jose De Melo,6,11,0,0,87.0,sintetica,38,0
Arlindo Gouveia,6,8,0,14,81.0,sintetica,31,0
Praça Solange Pinto Melo,2,19,0,4,55.0,sintetica,50,0
Benilda Ribeiro De Souza,1,12,0,0,41.0,sintetica,30,0
Praça Professor Ageu Magalhães,0,17,0,3,30.0,sintetica,25,1
Praça Da Rua Leonardo Da Vinci,4,19,1,11,99.0,sintetica,78,1
Domingos Gilvaneti,4,8,1,4,61.0,sintetica,14,0
Praça Do Moviment,5,3,0,13,74.0,sintetica,50,0
Praça Lagoa Do Araça,0,20,0,10,92.0,sintetica,50,1
Praça Quitéria,5,7,1,2,54.0,sintetica,15,0
Dr.Luis Ramos Leal,1,0,1,1,76.0,sintetica,30,0
Praça Cordilandia,5,16,0,5,53.0,sintetica,51,0
Praça De Dona Vilma,0,8,0,10,92.0,sintetica,59,0
Praça Abelardo Baltar,0,19,0,12,96.0,sintetica,20,0
Praça Capiba,4,12,0,2,89.0,sintetica,33,0
Praça Parque Amorim,6,1,0,9,23.0,sintetica,37,0
Viaduto Da Via Mangue,1,12,0,0,65.0,sintetica,24,0
Praça El Salvador,2,8,0,10,30.0,sintetica,48,0
Praça Profeta Joseph Smith,5,19,1,12,80.0,sintetica,69,0
Praça Da Rua Tristão Da Cunha,4,5,0,4,54.0,sintetica,49,0
Praça 3º Jardim De Boa Viagem,5,0,0,1,88.0,sintetica,56,0
Aritana,5,4,1,14,76.0,sintetica,28,1
Praça  João Maurício Campos,2,2,0,1,30.0,sintetica,59,0
Praça Casarão Alto Do Ceu,1,3,0,14,31.0,sintetica,26,0
Praça Arsenal Da Marinha,0,0,0,3,62.0,sintetica,12,0
Praça Dom Miguel Valverde,3,13,0,3,38.0,sintetica,12,0
Praça  Da Entrada Da Ur 2,5,8,1,3,96.0,sintetica,48,0
Praça Alfredo Ozório,3,23,0,6,87.0,sintetica,37,0
Praça Da Comunidade,1,3,0,0,97.0,sintetica,40,0
Praça Do Lixo Ao Luxo,3,17,1,12,78.0,sintetica,51,1
Praça Estevão De Sá,5,13,0,7,21.0,sintetica,58,0
Praça Nova Esperança,2,3,0,11,27.0,sintetica,56,0
Arnaldo Assunção,3,9,0,12,41.0,sintetica,17,0
Praça Visconde De Mauá,1,2,0,9,96.0,sintetica,26,0
Praça Do Caxito,1,22,1,8,40.0,sintetica,44,0
Praça De Apipucos,6,6,0,9,48.0,sintetica,45,0
Praça Flor De Cheiro,6,9,0,12,94.0,sintetica,36,0
Praça Virgilio De Oliveira,2,12,0,13,94.0,sintetica,49,0
Praça Joaquim Nabuco,3,3,0,14,56.0,sintetica,54,0
Praça João Rique,3,17,0,5,97.0,sintetica,42,0
Praça Vila 27 De Abril,6,10,1,3,48.0,sintetica,59,0
Vila Boas Travassos,0,3,0,5,56.0,sintetica,20,0
Praça Francisco Apolônio Jorge Sales,4,23,0,9,40.0,sintetica,60,0
Praça Estevão De Sá,1,13,0,6,31.0,sintetica,15,0
Praça Miguel De Cervantes,0,17,0,5,67.0,sintetica,57,0
Espaço Colaborativo,1,7,0,10,66.0,sintetica,30,0
Peixinhos,0,9,0,0,34.0,sintetica,37,0
Praça Cidade Do Porto,6,4,0,4,86.0,sintetica,26,0
Praça Da Avenida Engenheiro Abdias De Carvalho,6,22,1,7,32.0,sintetica,78,1
Praça Do Conjunto Habitacinal Josue Pinto,4,6,0,14,78.0,sintetica,20,0
Praça Ministro Salgado Filho,0,11,0,7,92.0,sintetica,55,0
Centro Social Bidu Krause,1,2,0,11,32.0,sintetica,53,0
Praça Joaquim Nabuco,3,3,0,9,99.0,sintetica,34,0
Praça Cafesopolis,1,9,0,8,97.0,sintetica,39,0
Praça Fernando Galvão,5,3,0,3,91.0,sintetica,34,0
Praça La Coruna,6,14,1,9,38.0,sintetica,16,0
Praça André Negromonte,2,9,0,5,76.0,sintetica,58,0
Parque Da Jaqueira,2,20,1,6,51.0,sintetica,46,0
Praça Elvira Andrade De Souza,6,21,0,4,40.0,sintetica,94,1
Fabiano Da Jora,5,15,0,14,33.0,sintetica,36,0
Praça Profeta Joseph Smith,2,14,0,10,99.0,sintetica,35,0
Praça Da Gaia,6,18,0,7,43.0,sintetica,80,1
Praça Francisco Apolônio Jorge Sales,2,19,0,2,68.0,sintetica,33,0
Praça Vinte De Julho,6,18,0,7,51.0,sintetica,89,1
Praça Geraldo Vilas Boas,4,17,0,14,94.0,sintetica,23,0
Praça Infantil John F. Kennedy,3,11,0,13,30.0,sintetica,18,1
Praça Professor Barreto Campelo B,3,15,0,4,79.0,sintetica,40,0
Praça Da Gaia,1,0,0,0,87.0,sintetica,13,0
Praça De Campo Grande,5,15,0,12,80.0,sintetica,28,0
Praça Santa Eufrásia,6,1,0,5,24.0,sintetica,10,0
Peixinhos,0,23,0,1,55.0,sintetica,38,0
Quatro De Outubro,1,14,0,14,83.0,sintetica,54,0
Praça Luiz Americo Willians,1,6,0,6,97.0,sintetica,15,0
Praça Visconde De Mauá,6,0,1,14,51.0,sintetica,10,1
Praça Saturnino De Brito,6,4,1,14,90.0,sintetica,34,1
Praça Engenho Poeta/Do Rotary,1,9,0,8,93.0,sintetica,36,0
Praça Da Amizade,1,21,1,2,85.0,sintetica,31,0
Praça Aúreo Xavier,3,20,0,13,29.0,sintetica,26,0
Praça Da Rua Da Aurora,0,3,1,9,40.0,sintetica,38,1
Praça Do Berardo,1,13,0,13,59.0,sintetica,12,0
Praça Monteiro Lobato,3,12,0,3,61.0,sintetica,26,0
Praça Da Rua Solanea,1,0,0,3,91.0,sintetica,11,0
Praça Dr Adolfo Cirne,2,15,0,3,65.0,sintetica,41,0
Praça Paulo Freire,1,22,0,2,92.0,sintetica,31,0
Praça Do Cacique - Invadida Por Moradores E Comerciantes Da Área,6,8,1,4,60.0,sintetica,48,0
Praça  De Campo Grande - Eudoro,5,21,0,8,23.0,sintetica,83,1
Pracinha Das Crianças,5,15,0,14,33.0,sintetica,31,0
Praça Parque Amorim,1,18,0,10,33.0,sintetica,56,0
Praça Da Rua Elza Leal Wanderley,4,14,1,7,72.0,sintetica,13,0
Vila Dos Bancários,2,13,1,9,48.0,sintetica,47,1
Praça Gildo Macedo Lacerda,0,19,0,1,42.0,sintetica,22,1
Praça Maria Da Conceição,1,9,1,11,50.0,sintetica,32,1
Praça Da  Singapura,0,20,1,8,90.0,sintetica,22,0
Praça Da Alegria,2,11,0,11,96.0,sintetica,29,0
Praça Castro Alves,1,0,1,9,80.0,sintetica,42,1
Praça Franco Gomes Coutinho,4,20,0,1,42.0,sintetica,79,1
Praça Da Convenção,3,16,0,6,27.0,sintetica,47,0
Espaço Colaborativo,4,8,0,4,95.0,sintetica,38,0
Praça Ponte D`Uchoa,6,22,0,14,35.0,sintetica,76,1
Praça Do Heróis Da Restauração,4,18,0,12,45.0,sintetica,77,1
Praça Campo Do Lagoão,3,17,0,6,48.0,sintetica,27,0
Praça Robert Kennedy/Da Juventude,6,6,1,4,25.0,sintetica,54,0
Praça Luiz Americo Willians,3,8,1,11,56.0,sintetica,30,1
Praça Da Portelinha,5,21,0,5,52.0,sintetica,95,1
Praça São José Dos Manguinhos,3,20,0,7,65.0,sintetica,48,0
Praça Casarão Alto Do Ceu,1,11,0,0,80.0,sintetica,29,0
Peixinhos,0,6,0,12,60.0,sintetica,16,0
Praça Da Avenida Maurício De Nassau,5,13,1,10,37.0,sintetica,36,0
Praça Do Paraíso,5,14,0,12,35.0,sintetica,16,0
Praça Do Moinhos,0,14,1,11,70.0,sintetica,11,1
Superintendente João Gonçalves De Souza,5,5,1,0,56.0,sintetica,52,0
Praça Professor Fleming,3,20,0,4,33.0,sintetica,42,0
Praça Da Mentira,4,13,0,14,87.0,sintetica,30,0
Praça Estação Macaco,2,1,0,0,49.0,sintetica,38,0
Praça Desembargador Carlos Xavier Paes Barreto,3,7,0,2,79.0,sintetica,41,0
Praça Camilo Pereira Carneiro,6,12,0,9,72.0,sintetica,54,0
Praça Neta Araujo,6,22,1,14,55.0,sintetica,96,1
Praça Beatriz Pereira Carneiro,4,5,0,8,49.0,sintetica,22,0
Praça Joaquim Cardoso/Da Biblioteca,4,4,0,13,83.0,sintetica,48,0
Barreirão,5,4,0,12,33.0,sintetica,53,1
Praça Do Cajueiro,1,0,0,6,42.0,sintetica,58,0
Gilvania De Oliveira Moura Sá,1,8,0,11,67.0,sintetica,49,0
Praça Poeta Fernando Pessoa,5,5,1,5,47.0,sintetica,12,0
Praça Ministro João Gonçalves De Souza,5,19,0,7,26.0,sintetica,77,1
Praça Da Rua Itacambira,0,6,0,7,61.0,sintetica,17,0
Praça José Maria Do Nascimento Paraíba/Lixão,0,8,0,5,29.0,sintetica,55,0
Praça Luz Da Fraternidade,2,4,0,3,87.0,sintetica,55,0
Praça Joaquim Cavalcante,2,13,0,3,63.0,sintetica,11,0
Praça Ministro João Gonçalves De Souza,2,4,1,3,32.0,sintetica,15,1
Praça Doutor Alberto Wanderley,2,7,0,5,52.0,sintetica,57,0
Avenida Sul,4,6,0,0,51.0,sintetica,50,0
Praça Do Entroncamento,4,12,1,11,67.0,sintetica,24,1
Parque Dona Lindu,0,12,0,1,24.0,sintetica,56,0
Centro Social Bidu Krause,1,7,0,5,80.0,sintetica,21,0
Praça Bambu,5,10,0,13,22.0,sintetica,50,1
Praça Dona Carminha & Sr João,6,17,0,13,43.0,sintetica,57,0
Praça Nadir Colaco,1,18,0,10,53.0,sintetica,41,0
Praça Jules Rimet,3,5,1,0,61.0,sintetica,15,0
Praça Vila Esperança,4,21,1,8,39.0,sintetica,87,1
Praça Aleixo De Oliveira,2,1,0,11,60.0,sintetica,56,0
Praça Estevão De Sá,2,12,0,5,39.0,sintetica,22,0
Praça Miguel De Cervantes,3,22,1,6,25.0,sintetica,32,0
Praça Do Escorrego,1,10,0,13,76.0,sintetica,19,0
Praça Ascenço Ferreira,2,0,0,11,61.0,sintetica,23,0
Praça Rodrigo Cebola,1,23,0,0,44.0,sintetica,12,0
Praça Jardim Uchôa,5,1,0,7,60.0,sintetica,21,0
Não Temos Nome,3,16,0,11,60.0,sintetica,34,0
Praça Aúreo Xavier,6,7,0,11,22.0,sintetica,10,0
Praça Jacarezinho,1,1,0,11,62.0,sintetica,41,0
Praça Da Criança Alexandra Vilma Dias,5,5,0,11,65.0,sintetica,33,0
Praça Do Amor,1,21,0,11,76.0,sintetica,57,0
Praça Antonio Bezerra Pontes,1,4,0,4,93.0,sintetica,51,0
Praça Da Paz,2,15,0,4,70.0,sintetica,18,0
Praça Maria Vitalina Gonçalves Da Rocha,0,7,1,13,24.0,sintetica,59,1
Praça Parque Amorim,4,18,1,5,92.0,sintetica,76,0
Praça Salgueiro,1,15,0,6,34.0,sintetica,51,0
Praça Professor Fleming,1,12,0,6,58.0,sintetica,48,0
Praça Nova Morada,1,19,0,4,89.0,sintetica,19,0
Praça Parque Amorim,0,6,1,0,98.0,sintetica,53,0
Praça Sitio Grande,5,15,0,10,57.0,sintetica,52,0
Praça Alberto Pinto,6,22,0,8,58.0,sintetica,91,1
Praça Vila 27 De Abril,6,15,0,14,71.0,sintetica,39,0
Parque Do Jiquiá,3,11,0,5,22.0,sintetica,14,0
Praça Do Finado Leiteiro,2,13,0,12,48.0,sintetica,13,0
Praça Da Convenção,0,23,0,8,50.0,sintetica,54,0
Praça Ayrton Senna,5,17,1,10,85.0,sintetica,17,1
Praça Chora Menino,1,17,0,3,64.0,sintetica,25,0
Praça Nossa Senhora De Fátima,5,15,0,1,92.0,sintetica,10,0
Parque Da Tamarineira,0,19,0,12,41.0,sintetica,58,0
Praça Virgilio De Oliveira,0,15,1,12,29.0,sintetica,24,1
Vila Do Moinho,0,12,0,2,40.0,sintetica,33,1
Praça Desenhista Eulino Santos,3,8,0,11,36.0,sintetica,24,0
Praça Vila 27 De Abril,4,8,0,3,86.0,sintetica,59,0
Praça Antônio Luiz,2,12,0,9,26.0,sintetica,15,0
Pra Eudora,3,3,0,11,55.0,sintetica,11,0
Praça Dr Adolfo Cirne,3,8,0,7,86.0,sintetica,14,0
Praça Da Rua Carlos Gomes/ Do Cavalo Dourado,4,14,0,2,96.0,sintetica,48,0
Praça Lins Do Rego/Dos Brotos,3,13,0,7,49.0,sintetica,50,0
Praça Do Colégio Jarbas Pernambucano,0,18,0,5,90.0,sintetica,43,0
Praça Da Quadra,0,11,0,3,48.0,sintetica,48,0
Praça Dona Carminha & Sr João,5,20,0,13,91.0,sintetica,64,0
Praça Bambu,1,5,0,6,93.0,sintetica,38,0
Praça Noel Rodrigues,3,2,0,14,52.0,sintetica,38,0
Praca General Carlos Pinto,1,21,0,13,78.0,sintetica,33,0
Praça Almirante Do Forte,2,19,0,10,39.0,sintetica,55,1
Praça Flor De Santana,6,15,1,12,48.0,sintetica,40,1
Praça Franco Gomes Coutinho,0,19,0,4,72.0,sintetica,33,0
Praça São José Dos Manguinhos,5,23,0,4,20.0,sintetica,77,1
Praça De Frente A Chesf,2,22,0,8,53.0,sintetica,21,0
Praça José Vieira,5,16,0,12,63.0,sintetica,29,0
Praça Barão De Caiara,6,15,0,2,33.0,sintetica,13,0
Parque De Santana,6,5,0,9,56.0,sintetica,22,0
Praça Do Entrocamento,4,7,0,14,54.0,sintetica,50,0
Praça Engenho Massangana,0,18,0,3,78.0,sintetica,53,0
Praça Beatriz Pereira Carneiro,2,1,0,4,43.0,sintetica,19,0
Praça Do Escorrego,4,13,0,0,84.0,sintetica,50,0
Praça Da Portelinha,6,21,0,6,25.0,sintetica,66,0
Praça Visconde De Mauá,2,11,0,7,87.0,sintetica,16,0
Praça Infantil John F. Kennedy,5,16,0,14,57.0,sintetica,21,0
Praça Das Cinco Pontas,4,14,0,5,20.0,sintetica,57,0
Praça Da Rua Leonardo Da Vinci,4,17,0,8,60.0,sintetica,24,0
Praça Pedro Brandão,0,15,0,2,50.0,sintetica,16,0
Praça Jornalista Anibal Fernandes,1,12,0,1,55.0,sintetica,17,0
Andresa Carla Gomes Do Nascimento,5,20,0,4,92.0,sintetica,61,0
Praça Do Rosarinho,5,16,0,12,73.0,sintetica,52,0
Praça Franco Gomes Coutinho,4,7,0,8,50.0,sintetica,13,0
Praça Da Rua Cordislândia,4,0,0,10,48.0,sintetica,59,0
Praça Nova Morada,0,2,1,0,22.0,sintetica,16,0
Praça Cívica,1,15,1,0,77.0,sintetica,54,0
Praça Cívica,5,1,0,9,80.0,sintetica,50,0
Praça Maria Madalena Bispo,6,14,1,2,25.0,sintetica,39,0
Praça Do Tourão,3,0,0,9,39.0,sintetica,27,0
Praça Do Conjunto Habitacinal Josue Pinto,3,8,0,2,80.0,sintetica,39,0
Praça Santa Lucia,1,15,1,4,65.0,sintetica,16,0
Barreirão,2,3,1,3,32.0,sintetica,57,0
Amante  Das Flores,0,11,1,5,42.0,sintetica,32,0
Praça Jornalista Otávio Sarmento Cardoso/Coliseu,1,0,0,11,98.0,sintetica,46,1
Praça Do Alto Da Serrinha,3,0,0,7,50.0,sintetica,16,0
Praça Da Rua Do Campo,4,6,0,7,23.0,sintetica,47,0
Av Manoel Gonsalves Da Luz,3,17,0,14,94.0,sintetica,38,0
Praça Do Jacaré,4,22,0,10,85.0,sintetica,93,0
Praça Jockey Clube,0,22,1,3,35.0,sintetica,48,0
Praça Jacarezinho,4,14,0,0,50.0,sintetica,50,0
Pinto Damásio,1,12,0,12,67.0,sintetica,54,0
Mariazinha,4,15,0,13,62.0,sintetica,58,0
Praca Santa Luzia,2,6,0,13,23.0,sintetica,58,0
Praca Arlindo Araujo Filho,1,15,0,6,81.0,sintetica,56,1
Praça Chico Science,0,12,1,5,67.0,sintetica,27,0
Praça Dom Diogo Camarao,1,13,0,4,47.0,sintetica,56,0
General Carlos Pinto,2,16,0,3,35.0,sintetica,52,0
A Praça É Nossa,0,11,1,5,96.0,sintetica,34,0
Praça Do Comar,3,23,1,7,88.0,sintetica,36,0
Academia Da Cidade,2,23,1,5,49.0,sintetica,36,0
Praça Airton Senna,0,19,1,2,84.0,sintetica,21,0
Jardim Do Forte,6,12,0,8,88.0,sintetica,32,0
Praça General Euler Bentes/Da Sudene,4,23,1,2,33.0,sintetica,86,1
Praça Nova Morada,1,19,0,3,94.0,sintetica,53,0
Praça Luiz Inácio Pessoa De Mello,0,14,0,12,53.0,sintetica,16,0
Praça  De Campo Grande - Eudoro,1,23,0,4,75.0,sintetica,33,0
Praça Frei Cassimiro,4,20,0,10,48.0,sintetica,94,1
Praça Helton Fraga,0,3,0,1,98.0,sintetica,38,0
Vila Do Moinho,3,21,0,10,44.0,sintetica,37,1
Praça Da Rua Joaquim De Brito,6,1,0,9,85.0,sintetica,32,0
Praça Esperança,6,17,0,14,59.0,sintetica,19,0
Peixinhos,2,1,1,10,34.0,sintetica,25,1
Praça Novaes Filho,0,14,0,9,51.0,sintetica,52,0
Praça Angélica,4,18,0,1,39.0,sintetica,72,1
Praça Da Conceição,0,14,1,5,72.0,sintetica,43,0
Praça Rita Coelho Em Cavaleiro,1,19,0,14,97.0,sintetica,34,0
Praça Memorial Arco Verde,5,9,0,13,86.0,sintetica,11,0
Praça Arari Ferreira Fonseca,0,23,0,1,68.0,sintetica,59,0
Praça Da Rua Clotilde Machado,6,19,0,9,86.0,sintetica,70,0
Praça Engenho Poeta/Do Rotary,6,10,1,0,96.0,sintetica,23,0
Praça Professor Trajano,6,9,1,7,20.0,sintetica,40,0
Praça Franco Gomes Coutinho,3,22,0,9,58.0,sintetica,49,0
Praça Miguel De Cervantes,0,4,0,13,80.0,sintetica,15,0
Parque Da Tamarineira,2,8,0,9,74.0,sintetica,37,0
Praça Alberto Pinto,0,19,0,12,88.0,sintetica,18,0
Praça Do Fundão,5,18,0,0,21.0,sintetica,86,0
Praça Padre Romano Zuferey,6,12,0,9,36.0,sintetica,26,0
Thomaz Lobo,1,17,0,13,48.0,sintetica,49,0
Praça Simão Borba,6,16,0,5,23.0,sintetica,44,0
Superintendente João Gonçalves De Souza,0,5,0,11,92.0,sintetica,21,0
Praça Da  Singapura,3,9,0,13,83.0,sintetica,54,0
Praça Maracangaia,4,1,1,0,62.0,sintetica,27,0
Praça Da Convenção,0,23,0,7,95.0,sintetica,52,0
Praça Da Feb,0,5,0,13,31.0,sintetica,43,0
Praça Geraldo Vilas Boas,2,20,0,4,69.0,sintetica,55,0
Praça João Rique,3,12,0,2,87.0,sintetica,10,0
Praça Da Rua Junqueira Freire,5,17,0,4,80.0,sintetica,24,0
Praça Airton Senna,4,6,0,14,92.0,sintetica,27,0
Praça Da Criança Alexandra Vilma Dias,6,1,0,12,70.0,sintetica,31,0
Parque Do Jiquiá,1,13,0,0,96.0,sintetica,27,0
Praça Do Conjunto Habitacinal Josue Pinto,0,4,1,0,97.0,sintetica,58,0
Praça Do Largo Da Ponte Do Motocolombo,5,17,1,11,24.0,sintetica,10,1
Praça Sítio Das Palmeiras,4,10,0,13,47.0,sintetica,55,0
Praça Clotilde Machado,1,9,1,3,29.0,sintetica,29,0
Prc   Rua Augusto Bamberg De Melo,5,10,0,8,71.0,sintetica,57,0
Praça Treze De Junho,3,1,1,13,99.0,sintetica,45,1
Praça Boco-Moco/Da Ur 5,3,14,0,8,36.0,sintetica,47,0
Praça Via Mangue,4,6,0,0,84.0,sintetica,34,0
Praça João Vinte E Três,6,8,0,2,40.0,sintetica,25,1
Praça José Cicílio,1,4,1,12,73.0,sintetica,29,1
Praça Do Lixo Ao Luxo,3,6,0,11,68.0,sintetica,47,0
Praça Dalva De Oliveira,4,19,0,3,41.0,sintetica,92,1
Praça Professor Ageu Magalhães,3,1,1,1,88.0,sintetica,42,0
Parque Das Graças Lucia Moura,3,2,1,6,83.0,sintetica,16,0
Praça Casarão Alto Do Ceu,5,1,0,2,55.0,sintetica,32,0
Praça Othon Bezerra De Melo,5,20,0,0,40.0,sintetica,97,1
A Praça É Nossa,3,21,0,0,75.0,sintetica,42,0
Praça Luiz Inácio Pessoa De Mello,2,22,0,2,92.0,sintetica,49,0
Praça Robert Kennedy / Da Juventude,5,18,0,5,67.0,sintetica,90,0
Praça Da Bandeira,1,3,0,3,95.0,sintetica,14,0
Vila Dos Bancários,4,23,0,0,37.0,sintetica,63,0
Praça Simon Bolivar,4,19,0,6,34.0,sintetica,67,0
Praça Luiz Americo Willians,6,6,0,1,63.0,sintetica,50,0
Praça Doutor Pedro Cavalcanti,1,21,0,11,64.0,sintetica,17,0
Praça Dr José Vilela,1,6,0,4,55.0,sintetica,26,0
Praça Sabere,1,16,0,7,59.0,sintetica,27,0
Praça Dr José Vilela,6,18,0,6,70.0,sintetica,78,0
Praça Da Rua Clotilde De Machado I E Ii,1,21,0,10,49.0,sintetica,36,1
Praça Brasilit,0,15,0,11,45.0,sintetica,40,0
Praça Dona Carminha & Sr João,6,2,0,7,50.0,sintetica,13,0
Praça Cristo Rei,4,14,0,12,75.0,sintetica,11,0
Praça Franco Gomes Coutinho,0,13,0,9,80.0,sintetica,14,0
Praça Da Av. Do Forte,6,14,0,13,36.0,sintetica,26,0
Praça La Coruna,3,13,0,10,43.0,sintetica,48,0
Praça Doutor Alberto Wanderley,3,6,1,5,23.0,sintetica,41,0
Praça Das Cinco Pontas,4,2,0,6,28.0,sintetica,38,0
Praça Rita Coelho Em Cavaleiro,3,16,0,8,21.0,sintetica,25,0
Praça Jornalista Anibal Fernandes,1,9,0,5,54.0,sintetica,10,0
Praça Campo De Pelada Carlos Rios,6,14,1,8,57.0,sintetica,21,0
Praça Da Rua Guarabira,0,5,0,14,64.0,sintetica,28,0
Praça Das 3 Igrejas,1,16,0,12,34.0,sintetica,18,0
Praça Heiji Gemba,3,16,0,11,61.0,sintetica,57,0
Praça Das Flores,5,13,0,1,22.0,sintetica,16,0
Praça Prof João Borba Maranhão,0,23,0,12,50.0,sintetica,39,0
Praça Do Terminal,1,17,0,1,71.0,sintetica,24,0
Praça Presidente Kennedy,6,4,1,13,60.0,sintetica,53,1
Praça Da Rua Sargento Rubens Leite,4,7,1,1,76.0,sintetica,13,0
Praça Da Av. Do Forte,1,6,0,5,61.0,sintetica,15,0
Praça Cívica,5,22,1,1,72.0,sintetica,98,0
Praça Dr Lula Cabral De Melo,3,3,0,2,75.0,sintetica,56,0
Praça Do Heróis Da Restauração,0,17,0,12,95.0,sintetica,44,0
Praça Alice De Albuquerque,4,4,0,7,91.0,sintetica,11,0
Praça Flor De Cheiro,0,15,0,7,72.0,sintetica,14,0
Praça Visconde De Mauá,4,13,0,10,51.0,sintetica,17,0
Praça José Cicílio,6,18,0,11,73.0,sintetica,61,0
Praça Astério Rufino Alves,0,13,1,3,56.0,sintetica,57,0
Praça Dom Bosco,3,8,0,8,27.0,sintetica,28,0
Sem Nome,6,5,0,7,30.0,sintetica,39,0
Praça Ascenço Ferreira,6,16,0,0,73.0,sintetica,40,0
Praça Othon Bezerra De Melo,4,18,0,7,79.0,sintetica,66,0
Praça Robert Kennedy/Da Juventude,2,11,0,0,29.0,sintetica,47,0
Praça Da Rua José Augusto De Barros,0,3,0,14,89.0,sintetica,31,0
Glaucineide Ferraz Da Silva,0,15,0,3,61.0,sintetica,42,0
Praça Da Avenida Engenheiro Abdias De Carvalho,1,10,0,9,56.0,sintetica,59,0
Praça Alfredo Ozório,4,21,0,5,99.0,sintetica,84,0
Praça Irmã Douraci,5,3,0,6,95.0,sintetica,17,0
Praça Dom Diogo Camarao,2,16,1,9,77.0,sintetica,46,0
Praça Franco Gomes Coutinho,3,7,0,12,78.0,sintetica,21,0
Praça Jockey Clube,1,13,0,3,43.0,sintetica,59,0
Praça Airton Senna,2,1,0,7,47.0,sintetica,14,0
Praça Ponte D`Uchoa,4,10,0,7,56.0,sintetica,34,0
Praça Do Forte Do Brum,2,10,0,13,40.0,sintetica,38,0
Praça João Miguel De Souza Junior,6,23,0,13,52.0,sintetica,82,1
Praça Robert Kennedy / Da Juventude,0,21,0,13,21.0,sintetica,35,0
Praça Professor Coelho De Almeida,6,23,0,8,47.0,sintetica,75,0
Praça Professora Antonia Galvão,0,5,0,13,34.0,sintetica,38,0
Praça José Bonifácio,1,20,0,5,20.0,sintetica,21,0
Praça Riacho Doce,4,20,0,3,47.0,sintetica,64,0
Praça Da Rua Solanea,4,13,1,1,69.0,sintetica,55,0
Praça Da Avenida Maurício De Nassau,2,9,1,14,54.0,sintetica,52,1
Praça Airton Senna,1,7,0,6,47.0,sintetica,37,0
Praça  Dos Brôtos,4,6,0,9,28.0,sintetica,18,0
Praça Gregório Bezerra,5,7,1,2,43.0,sintetica,19,0
Praça Vila 27 De Abril,5,7,0,10,82.0,sintetica,57,0
Praça Da Rua José Pimentel,6,22,1,12,23.0,sintetica,65,1
Praça Da Av. Do Forte,0,1,0,11,75.0,sintetica,35,0
Praça João Pessoa De Queiroz,2,15,1,2,60.0,sintetica,45,0
Praça Do Jacaré,3,8,1,2,86.0,sintetica,49,0
Praça Professor Agamenon Magalhães,0,12,0,3,67.0,sintetica,20,0
Parque Infantil Walt Disney,1,22,0,1,77.0,sintetica,15,0
Praça Da Rua Abc,4,11,0,12,58.0,sintetica,13,0
Praça Luiz Americo Willians,0,21,0,12,44.0,sintetica,36,0
Praça Da Avenida Senador Robert Kennedy,3,16,0,4,79.0,sintetica,33,0
Praça  João Maurício Campos,3,1,0,2,66.0,sintetica,14,0
Praça Do Conjunto Habitacinal Josue Pinto,5,12,0,9,80.0,sintetica,59,1
Praça José Maria Do Nascimento Paraíba/Lixão,1,0,0,4,46.0,sintetica,12,0
Praça Luiz De Lacerda,0,18,1,11,61.0,sintetica,16,1
Praça Heiji Gemba,2,10,0,12,71.0,sintetica,33,0
Praça Raul Soares,0,4,0,6,67.0,sintetica,31,0
Praça Truaca/Tempo De Crescer,5,0,0,8,51.0,sintetica,21,0
Trevo Da Ur2,6,19,0,1,43.0,sintetica,86,1
Praça Sementes Do Amanhã,3,12,0,8,22.0,sintetica,26,0
Praça Irmã Douraci,1,7,1,9,46.0,sintetica,12,1
Praça Domingos Giovanetti,1,5,0,5,92.0,sintetica,20,0
Praça Rita Coelho Em Cavaleiro,2,16,0,11,59.0,sintetica,15,0
Praça Da Feb,1,11,0,5,42.0,sintetica,52,0
Praça Marcelino Champagnat,5,0,0,10,26.0,sintetica,45,0
Praça Do Lixo Ao Luxo,5,2,1,2,56.0,sintetica,26,0
Praça Poliesportiva Da Ur4 Ibura,5,13,0,13,26.0,sintetica,31,0
Praça Brasilit,1,7,0,9,96.0,sintetica,10,0
Praça Ministro Salgado Filho,1,10,0,12,41.0,sintetica,53,0
Praça Da Esperança,5,13,1,8,97.0,sintetica,12,0
Praça Aleixo De Oliveira,1,7,0,3,36.0,sintetica,25,0
Praça Professor Paulo Silveira Do Nascimento,1,2,1,4,38.0,sintetica,44,0
Praça Da Rua João Rique. Iputinga Recife,3,6,0,2,58.0,sintetica,23,0
Praça Da Rua Abc,0,18,0,4,55.0,sintetica,58,0
Praca Eugenio Samico,4,3,0,7,34.0,sintetica,16,0
Praça Da Roda De Fogo,1,15,0,7,82.0,sintetica,35,0
Praça Mano Teodósio,4,12,0,13,48.0,sintetica,52,0
Praça Das Criancas,6,19,0,7,79.0,sintetica,80,0
Praça Matarazzo,4,18,0,5,75.0,sintetica,73,0
Praça Alberto Pinto,3,4,1,14,59.0,sintetica,33,1
Praça Da Rua Clotilde De Machado I E Ii,1,22,0,14,35.0,sintetica,28,0
Praça Thyago Fausto,5,4,0,0,52.0,sintetica,46,1
Parque Das Graças Lucia Moura,4,19,0,10,35.0,sintetica,61,0
Praça Ana Lima Brandão,1,23,0,9,49.0,sintetica,34,0
Praça Josen Demery Carneiro,2,3,0,11,85.0,sintetica,19,0
Praça Joaquim Nabuco,6,1,0,5,63.0,sintetica,27,0
Praça Desenhista Eulino Santos,5,12,0,11,57.0,sintetica,51,0
Praça Dr Lula Cabral De Melo,2,15,0,10,70.0,sintetica,10,0
Praça Da Rua Rosa M. De Melo,2,21,0,9,79.0,sintetica,38,0
Praça Astério Rufino Alves,4,1,1,6,37.0,sintetica,22,0
Praça Campo De Pelada Carlos Rios,2,18,0,13,24.0,sintetica,13,0
Praça Clube Sargento Wolf,3,16,0,8,59.0,sintetica,21,0
Praça Tamarindo,3,4,0,11,25.0,sintetica,57,0
Praça Zumbi Dos Palmares,4,17,0,7,95.0,sintetica,28,1
Parque De Santana,1,22,0,10,31.0,sintetica,35,1
Praça Jornalista Francisco Pessoa De Queiroz,0,20,0,11,31.0,sintetica,53,0
Praça Da Rua Rosa M. De Melo,1,17,1,7,92.0,sintetica,47,0
Parque Do Forte Do Arraial Novo Do Bom Jesus,1,7,1,14,41.0,sintetica,25,1
Praça Largo Dona Regina,1,14,0,6,68.0,sintetica,53,0
Área Central Da Avenida José Américo De Almeida,1,12,0,1,69.0,sintetica,34,0
Praça Do Candieiro,5,12,0,0,99.0,sintetica,19,0
Praça Do Caiara,0,15,0,14,23.0,sintetica,46,0
Praça Bambu,5,21,0,1,69.0,sintetica,95,0
Praça A.B.C (Abc),2,19,1,14,22.0,sintetica,37,1
Praça Luz Da Fraternidade,6,12,0,5,35.0,sintetica,34,0
Praça Da Paz,1,19,0,12,33.0,sintetica,34,0
Eudoro Correia,6,1,1,1,83.0,sintetica,21,0
Praça De Casa Forte,3,2,0,9,60.0,sintetica,17,0
Praça Do S,4,14,0,3,87.0,sintetica,45,1
Parque Do Jiquiá,4,22,0,14,78.0,sintetica,80,0
Praça Doutor Jose De Melo,5,18,0,9,21.0,sintetica,83,1
Praça Márcio Codonga,5,12,0,2,29.0,sintetica,32,0
Praça Maurício De Nassau E Duarte Coelho,3,4,0,5,94.0,sintetica,46,0
Praça Da Criança Alexandra Vilma Dias,1,21,0,11,45.0,sintetica,20,0
Vila Boas Travassos,6,5,1,11,23.0,sintetica,26,1
Praça Dr Lula Cabral De Melo,6,13,0,12,47.0,sintetica,37,0
Pracinha Da Estação Do Barro,0,3,0,13,21.0,sintetica,12,0
Praça Do Bueirão,2,21,0,7,85.0,sintetica,11,0
Praça Sargento Max Wolf Filho,4,18,0,10,35.0,sintetica,79,1
Praça Do Trabalho,2,22,0,5,76.0,sintetica,43,0
"R. Vidal De Negreiros,",0,6,1,1,42.0,sintetica,23,0
Praça Augusto Rodrigues,5,3,1,4,42.0,sintetica,42,0
Praça Zeppelin,6,1,0,10,96.0,sintetica,57,0
Travessa Tiradentes,4,6,1,12,40.0,sintetica,56,1
Praça Do Mercado Da Madalena,2,2,0,5,44.0,sintetica,27,0
Praça Doutor Pádua Walfrido,5,14,0,8,77.0,sintetica,38,0
Praça Da Avenida Da Recuperação,0,0,0,5,56.0,sintetica,11,0
Praça Da Morena,2,1,1,9,68.0,sintetica,20,1
Pracinha Da Estação Do Barro,6,9,0,4,96.0,sintetica,40,0
Praca Eugenio Samico,1,15,0,0,34.0,sintetica,58,0
Praça Do Largo Da Ponte Do Motocolombo,5,14,0,9,47.0,sintetica,22,0
Praça Da Rua Caxangá Agape,0,23,0,4,86.0,sintetica,53,0
Praça Da Rua Do Campo,2,14,0,4,23.0,sintetica,35,0
Praça Nossa Senhora De Fátima,6,13,0,5,66.0,sintetica,43,0
Praça Palminha / Próximo Ao Núcleo Policial / Padaria Flor Do Ibura,1,21,0,6,69.0,sintetica,59,0
Praça  De Campo Grande - Eudoro,1,13,0,12,79.0,sintetica,19,0
Parque Da Jaqueira,0,5,0,12,81.0,sintetica,21,0
Praça Noel Rodrigues,3,13,1,3,86.0,sintetica,58,0
Praça Simon Bolivar,6,16,0,6,91.0,sintetica,31,0
Praça Da Rua Caxangá Agape,6,17,0,4,62.0,sintetica,55,0
Praça Joaquim Nabuco,4,19,0,5,77.0,sintetica,99,0
Praça Da Morena,0,18,0,3,71.0,sintetica,28,0
Gilvania De Oliveira Moura Sá,1,16,1,11,95.0,sintetica,54,1
Praça Da Rua Tristão Da Cunha,1,15,0,7,88.0,sintetica,33,0
Centro Social Bidu Krause,0,7,0,8,65.0,sintetica,34,0
Dr.Luis Ramos Leal,3,6,1,1,44.0,sintetica,44,0
Praça Castro Alves,4,19,1,11,44.0,sintetica,61,1
Praça Da Comunidade,2,11,0,10,54.0,sintetica,14,0
Praça Abelardo Baltar,0,8,0,3,80.0,sintetica,31,0
Praça Dona Elizabeth,4,13,0,10,34.0,sintetica,37,0
Praça Da Chesf,6,19,0,7,93.0,sintetica,66,0
Praça Vereador Carlos Duarte,4,0,1,7,54.0,sintetica,42,0
Praça Do Bueirão,5,9,0,14,48.0,sintetica,25,0
Praça Cafesopolis,1,16,0,8,57.0,sintetica,35,0
Praça José Da Mota Silveira,2,16,0,2,88.0,sintetica,21,0
Praça Amaro Lopes/Da Fumaça,0,16,0,0,43.0,sintetica,32,0
Praça Da Feb,1,3,0,8,38.0,sintetica,58,0
Praça Simon Bolivar,5,16,0,0,65.0,sintetica,35,0
Praça Da Rua Cordislândia,5,17,0,2,68.0,sintetica,50,0
Área Central Da Avenida José Américo De Almeida,1,19,0,2,63.0,sintetica,22,0
Praça Airton Senna,3,22,0,8,92.0,sintetica,32,0
Praça Sitio Grande,4,1,1,14,45.0,sintetica,40,1
Praça Professor Barreto Campello,0,7,1,0,44.0,sintetica,45,0
Praça Vinte De Julho,0,12,0,6,54.0,sintetica,36,0
Praça Quartel General,0,22,0,1,55.0,sintetica,45,0
Praça Da Rua José Fernandes Portugal,1,21,0,6,33.0,sintetica,56,0
Praça Campo Santo,6,19,0,14,75.0,sintetica,90,0
Praça 3º Jardim De Boa Viagem,3,21,1,14,25.0,sintetica,32,1
Parque Doutor Arnaldo Assunção,2,14,0,0,51.0,sintetica,47,0
Praça Campo Santo,5,19,0,12,45.0,sintetica,62,0
Praça Sítio Das Palmeiras,1,22,1,9,34.0,sintetica,39,1
Praça Silva Jardim,6,8,0,9,68.0,sintetica,41,0
Praca Mauriceia,2,2,0,7,75.0,sintetica,24,0
"R. Vidal De Negreiros,",5,2,1,9,56.0,sintetica,47,1
Praça Chão De Estrelas,5,1,0,12,72.0,sintetica,20,0
Praça Jornalista Anibal Fernandes,3,0,0,9,77.0,sintetica,11,0
Praca Do Monteiro,4,13,0,1,97.0,sintetica,35,0
Praça Do Internacional,0,16,0,2,55.0,sintetica,43,0
Praça Selecao 70,2,12,0,13,30.0,sintetica,10,0
Praça Othon Bezerra De Melo,1,18,0,7,46.0,sintetica,20,0
Engenho Do Meio,2,22,0,2,21.0,sintetica,14,0
Praça Heiji Gemba,4,14,0,0,41.0,sintetica,35,0
Praça Bomba Do Hemetério,0,13,0,8,85.0,sintetica,15,0
Praça Matarazzo,2,1,0,7,36.0,sintetica,44,0
Praça Das 3 Igrejas,4,6,1,14,23.0,sintetica,14,1
Praça Domingos Giovanetti,1,16,0,3,33.0,sintetica,18,1
Praça Maria Da Conceição,3,17,0,7,26.0,sintetica,37,0
Praça  Zeca Barbosa,6,5,0,13,98.0,sintetica,28,0
Praça Sena Vila Cardeal E Silva - Areias,5,20,1,4,35.0,sintetica,90,1
Praça Da Paz,1,7,0,2,85.0,sintetica,32,0
Praça Adalberto Aguiar,0,1,0,0,38.0,sintetica,53,0
Praça Da Avenida Maurício De Nassau,5,0,0,12,20.0,sintetica,53,0
Praça Vila Esperança,6,15,0,9,50.0,sintetica,25,0
Praça Do Lixo Ao Luxo,1,6,0,4,23.0,sintetica,16,0
Praça Beatriz Pereira Carneiro,1,21,0,10,77.0,sintetica,23,0
Praça São Francisco De Assis,1,23,1,5,75.0,sintetica,31,0
Praça Vereador Carlos Duarte,1,10,0,3,72.0,sintetica,18,0
Praça Do Salgueiro,5,14,1,6,62.0,sintetica,56,0
Praça De Boa Viagem,0,12,1,2,93.0,sintetica,32,0
Praça Do Finado Leiteiro,6,23,1,6,68.0,sintetica,86,0
Praça Riacho Doce,4,1,1,13,79.0,sintetica,13,1
Praça Chora Menino,2,13,1,0,35.0,sintetica,52,0
Praça Eduardo Cardoso/Gregório Albuquerque,3,23,0,6,92.0,sintetica,35,0
Praça Vinte De Julho,6,5,0,0,79.0,sintetica,50,0
Praça Noel Rodrigues,2,8,0,12,66.0,sintetica,15,0
Praça Da Morena,2,6,1,10,34.0,sintetica,40,1
Praça Professor Paulo Silveira Do Nascimento,3,17,0,0,82.0,sintetica,26,0
Praça João Miguel De Souza Junior,6,23,0,1,47.0,sintetica,96,1
Praça Dos Pneus,5,8,0,1,39.0,sintetica,36,0
Wilma Damasceno,0,22,1,3,82.0,sintetica,15,0
Praça Camilo Pereira Carneiro,3,3,0,12,52.0,sintetica,15,0
Praça Maria Sampaio Lucena,0,8,0,0,55.0,sintetica,13,0
Praça Da Mentira,5,3,0,3,32.0,sintetica,52,0
Praça Quartel General,2,11,0,1,81.0,sintetica,12,0
Praça Vinte De Julho,0,3,0,3,87.0,sintetica,33,0
Espaço Colaborativo,5,23,0,3,42.0,sintetica,96,1
Prc Senhor Bartolomeu,5,19,0,8,91.0,sintetica,64,0
Praça Mano Teodósio,4,13,1,8,32.0,sintetica,57,0
Praça Cais Edgar Amorim,3,23,0,0,59.0,sintetica,30,0
Praça Augusto Rodrigues,4,23,0,4,49.0,sintetica,80,0
Praça Henrique Café,2,6,0,6,44.0,sintetica,38,0
Praça Deputado Fabio Correa,3,12,0,3,92.0,sintetica,41,0
Praça Da Rua Abc,2,21,0,11,45.0,sintetica,34,0
Peixinhos,4,7,0,4,43.0,sintetica,21,0
Praça Dom Vital,6,22,1,1,58.0,sintetica,94,1
Praça Maurício De Nassau E Duarte Coelho,5,4,0,2,98.0,sintetica,18,0
Parque De Santana,2,11,0,6,80.0,sintetica,16,0
Praça Da Mentira,3,12,1,9,68.0,sintetica,23,1
Praça Pantanal,3,19,1,12,60.0,sintetica,29,1
Praça Cidade Do Porto,2,13,0,14,89.0,sintetica,29,0
Praça João Rique,3,17,0,6,39.0,sintetica,19,0
Praça Da Juventude,5,23,1,3,63.0,sintetica,93,0
Mariazinha,6,19,1,11,35.0,sintetica,71,1
Praça Quartel General,5,3,1,0,40.0,sintetica,28,0
Praça Da Rua Tristão Da Cunha,3,20,0,0,34.0,sintetica,28,0
Praça Fernando Galvão,2,17,0,3,58.0,sintetica,52,1
Praça Campo De Pelada Carlos Rios,4,6,0,3,61.0,sintetica,15,0
Praça Do Pirulito,3,14,0,5,80.0,sintetica,17,0
Praça Do Comar,3,20,1,6,23.0,sintetica,10,0
Praça Arquiteta Maria Lucia,3,5,1,8,43.0,sintetica,32,0
Praça Da Redenção,3,15,0,8,22.0,sintetica,49,0
Parque De Santana,2,19,0,9,20.0,sintetica,46,0
Praça Dezessete,4,23,0,11,32.0,sintetica,81,1
Praça A.B.C (Abc),4,7,0,14,73.0,sintetica,11,0
Praça Abelardo Baltar,0,20,0,11,59.0,sintetica,45,0
Jardim Do Forte,3,15,0,4,30.0,sintetica,11,0
Praça Da Rua José Fernandes Portugal,3,21,0,9,61.0,sintetica,24,0
Praça Dr Adolfo Cirne,0,15,0,10,23.0,sintetica,29,1
Praça Vereador Carlos Duarte,4,2,0,2,44.0,sintetica,51,0
Praça Via Mangue,1,16,1,2,55.0,sintetica,30,0
Campo Do Imperio,5,8,0,14,83.0,sintetica,39,1
Praça Da Avenida General San Martin,1,2,1,5,63.0,sintetica,33,0
Praça Joaquim Nabuco,4,19,0,0,59.0,sintetica,62,0
Praça Professora Antonia Galvão,6,6,0,6,64.0,sintetica,47,0
Praca Esmeralda,3,17,0,2,27.0,sintetica,31,0
Praça Das Lolitas,1,11,0,4,54.0,sintetica,38,0
Praça Rio Branco,2,18,0,6,63.0,sintetica,23,0
Praça Alberto Pinto,2,15,0,6,37.0,sintetica,14,0
Praça Carmela Dutra/Ipiranga,0,21,0,8,66.0,sintetica,33,0
Eudoro Correia,4,23,0,0,44.0,sintetica,94,1
Praça Santos Dumont,4,16,0,2,60.0,sintetica,11,0
Praça Agamenon Magalhães,1,19,0,8,24.0,sintetica,55,0
Praça Batista Da Silva,3,14,0,7,83.0,sintetica,54,0
Macaxeira,4,0,0,1,81.0,sintetica,43,0
Praça Profeta Joseph Smith,1,1,0,7,91.0,sintetica,32,0
Praça Do Salgueiro,1,7,0,7,22.0,sintetica,50,0
Praça Campo De Pelada Carlos Rios,5,21,1,1,56.0,sintetica,80,1
Praça José Da Mota Silveira,5,1,0,7,60.0,sintetica,24,0
Praça Agamenon Magalhães,4,18,1,2,39.0,sintetica,93,1
Praça Brasilit,1,8,0,6,86.0,sintetica,21,0
Praça Da  Singapura,0,8,0,12,59.0,sintetica,47,0
Praça Othon Bezerra De Melo,0,12,0,8,96.0,sintetica,26,0
Praça Maria Vitalina Gonçalves Da Rocha,5,5,0,3,27.0,sintetica,47,0
Praça Farias Neves,4,14,1,14,24.0,sintetica,36,1
Praça Robert Kennedy/Da Juventude,3,18,1,10,44.0,sintetica,28,0
Praça Do Berardo,6,20,0,5,58.0,sintetica,80,1
Praça Professor Agamenon Magalhães,0,14,1,8,56.0,sintetica,57,0
Praça Da Rua Pinheiro Machado,0,17,0,10,24.0,sintetica,30,0
Parque Do Jiquiá,5,6,0,10,27.0,sintetica,49,0
Praça São Braz,5,10,0,4,23.0,sintetica,33,0
Praça Professor Jeronimo Gueiros,4,7,1,11,60.0,sintetica,33,0
Praça Infantil John F. Kennedy,5,5,0,0,79.0,sintetica,28,0
Arlindo Gouveia,2,7,1,2,73.0,sintetica,40,0
Tertuliano Feitosa,6,1,0,10,41.0,sintetica,49,0
Praça Clotilde Machado,1,18,0,14,97.0,sintetica,29,0
Parque Do Forte Do Arraial Novo Do Bom Jesus,0,15,0,8,38.0,sintetica,24,0
Praça Professor Abdgar Soriano,2,6,0,2,96.0,sintetica,49,0
Praça Santos Dumont,3,9,0,10,87.0,sintetica,44,0
Campo Do Imperio,2,11,0,10,52.0,sintetica,57,0
Praça Do Berardo,4,16,1,9,41.0,sintetica,44,1
Praça Queira Deus,3,6,0,1,84.0,sintetica,42,0
Praça Helton Fraga,3,21,0,3,30.0,sintetica,49,0
Praça Dr José Vilela,5,7,1,4,35.0,sintetica,50,0
Praça Eduardo Cardoso/Gregório Albuquerque,2,6,0,6,87.0,sintetica,53,0
Praça Do Lixo Ao Luxo,4,3,0,6,63.0,sintetica,27,0
Praça Doutor Pádua Walfrido,0,2,0,8,28.0,sintetica,26,0
Praça  Da Entrada Da Ur 2,6,18,0,12,91.0,sintetica,66,0
Praça Da Vila Teimosinho,5,14,0,7,97.0,sintetica,29,0
Praça Salgueiro,2,3,1,12,98.0,sintetica,20,1
Praça Pedro Brandão,0,8,0,14,81.0,sintetica,39,0
Praça Do Quinze,2,12,0,1,34.0,sintetica,36,0
Andresa Carla Gomes Do Nascimento,5,17,0,11,25.0,sintetica,48,0
Praça Pantanal,0,20,0,7,20.0,sintetica,23,0
Praça Engenho Poeta/Do Rotary,5,15,0,7,39.0,sintetica,51,0
Largo Do Holandes,2,0,0,4,55.0,sintetica,24,0
Praça Thyago Fausto,3,3,0,14,21.0,sintetica,21,0
Praça Vinte De Julho,6,17,1,12,89.0,sintetica,29,1
Campo Do 15,1,7,0,2,21.0,sintetica,26,0
Praça Sena Vila Cardeal E Silva - Areias,6,19,0,8,22.0,sintetica,81,1
Praça Maria Vitalina Gonçalves Da Rocha,3,15,0,11,26.0,sintetica,35,0
Praça Da Esperança,5,20,0,6,83.0,sintetica,89,0
Praça Campo Do Lagoão,6,10,1,0,60.0,sintetica,34,0
Amante  Das Flores,5,19,0,7,73.0,sintetica,87,0
Praça Da Rua Clotilde De Machado I E Ii,5,20,0,9,60.0,sintetica,66,0
Praça Da Avenida Maurício De Nassau,0,20,0,12,24.0,sintetica,34,0
Praça Getulio Vargas,4,20,0,4,82.0,sintetica,87,0
Praça Do Lixo Ao Luxo,5,18,0,5,20.0,sintetica,94,1
Praça General Euler Bentes/Da Sudene,6,22,0,8,44.0,sintetica,92,1
Praça Zumbi Dos Palmares,6,18,1,9,65.0,sintetica,66,1
Praça Da Rua Abc,6,17,0,14,34.0,sintetica,29,0
Praça Academia Da Saúde Alto Da Conquista,3,18,0,13,88.0,sintetica,25,0
Praça Dr Fernando Figueira,1,10,0,7,36.0,sintetica,34,0
Praça Simão Borba,5,2,0,13,40.0,sintetica,36,0
Praça Do Bueirão,5,7,0,10,72.0,sintetica,27,0
Praça Adalberto Aguiar,5,19,0,13,74.0,sintetica,88,0
Praça Largo Dona Regina,0,18,0,13,29.0,sintetica,59,0
Praça Isabel Cabral,5,9,1,2,76.0,sintetica,39,0
Praça Da Rua Abc,3,15,0,12,84.0,sintetica,10,0
Praça Professor Jeronimo Gueiros,2,4,1,4,56.0,sintetica,13,0
Praça Noel Rodrigues,4,19,0,3,26.0,sintetica,94,1
Praça Quitéria,6,8,0,13,95.0,sintetica,16,0
Praça Da Guabiraba,5,7,0,0,59.0,sintetica,39,0
Praça Do Jacaré,0,10,0,4,69.0,sintetica,35,0
Praça Centro Campo Grande,3,15,0,9,20.0,sintetica,10,0
Praça Noel Rodrigues,5,6,0,6,39.0,sintetica,38,0
Praça Dom Helder,0,14,0,0,50.0,sintetica,34,0
Praça De Frente A Chesf,2,23,1,3,87.0,sintetica,49,0
Praça De Campo Grande,1,20,0,5,31.0,sintetica,35,0
Praça Professor Agamenon Magalhães,5,19,0,10,41.0,sintetica,81,1
Praça Da Rua 03,3,22,1,11,20.0,sintetica,40,1
Praça Do Ipê,0,16,0,8,20.0,sintetica,17,0
Pra Eudora,0,5,0,10,22.0,sintetica,14,0
Praça Das Flores,5,14,0,7,95.0,sintetica,10,0
Praça Nova Esperança,0,7,0,1,40.0,sintetica,24,1
Praça De Apipucos,1,6,0,10,32.0,sintetica,45,0
Praça Joaquim Nabuco,0,1,0,2,80.0,sintetica,16,1
Praça Do Anfiteatro,6,12,1,9,32.0,sintetica,55,1
Praça Dr Lula Cabral De Melo,4,22,0,12,52.0,sintetica,69,0
Praça Conselheiro João Alfredo,6,5,0,4,25.0,sintetica,36,0
Praça Academia Da Saúde Alto Da Conquista,4,4,0,10,44.0,sintetica,44,0
Praca Mauriceia,0,19,0,6,42.0,sintetica,36,0
Praça Compositor Antônio Maria,5,0,1,2,45.0,sintetica,29,0
Praça Do Largo Da Ponte Do Motocolombo,4,17,0,11,23.0,sintetica,27,0
Praça Desenhista Eulino Santos,3,14,0,6,54.0,sintetica,49,0
Praça Dom Miguel Valverde,4,22,0,4,94.0,sintetica,63,0
Praça Jornalista Otávio Sarmento Cardoso/Coliseu,6,9,0,9,44.0,sintetica,39,0
Praça Ministro João Gonçalves De Souza,0,2,0,5,39.0,sintetica,47,0
Praça Abelardo Rijo,5,4,0,5,20.0,sintetica,39,0
"Praça. Ur 04 Ibura  , Junto Da Capela Nossa Senhora Aparecida Ur 4 Terminal",2,23,0,10,87.0,sintetica,16,0
Praça Padre Romano Zuferey,5,12,0,10,42.0,sintetica,48,0
Praça Presidente Kennedy,5,7,0,13,41.0,sintetica,22,0
Praça Gildo Macedo Lacerda,5,21,0,11,81.0,sintetica,93,0
Praça Rita Coelho Em Cavaleiro,3,20,0,3,20.0,sintetica,49,0
Largo Dom Luiz,1,1,1,11,78.0,sintetica,39,1
Praça Professor Fleming,6,8,0,7,87.0,sintetica,39,0
Praça Professor Abdgar Soriano,0,16,1,8,38.0,sintetica,32,0
Praça Jockey Clube,1,17,0,1,49.0,sintetica,54,0
Praça André Antunes,2,12,0,8,20.0,sintetica,33,0
Praça Visconde De Mauá,1,0,0,10,67.0,sintetica,29,0
Praça Da Morena,0,11,0,11,38.0,sintetica,37,0
Pra Eudora,6,19,0,3,71.0,sintetica,92,0
Fabiano Da Jora,6,19,0,5,41.0,sintetica,83,1
Praça Dr Adolfo Cirne,0,20,0,13,69.0,sintetica,22,0
Praça Memorial Arco Verde,2,4,0,6,85.0,sintetica,25,0
Praça Da Amizade,0,7,0,3,25.0,sintetica,24,0
Praça Da Avenida Senador Robert Kennedy,2,14,0,7,83.0,sintetica,20,0
Praça Da Rua Tristão Da Cunha,2,2,0,12,40.0,sintetica,21,0
Praça Cais Edgar Amorim,0,5,0,13,38.0,sintetica,31,0
Av Manoel Gonsalves Da Luz,4,12,0,9,56.0,sintetica,34,0
Praça Gonçalo Leitão,6,11,0,7,82.0,sintetica,12,0
Praça Professor Jeronimo Gueiros,2,18,0,0,48.0,sintetica,33,0
Praça Doutor Alberto Wanderley,0,17,0,7,79.0,sintetica,34,0
Praça Augusto Rodrigues,4,23,0,9,53.0,sintetica,85,1
Praça Doutor Júlio Campelo,6,0,0,13,20.0,sintetica,37,0
Nossa Senhora De Lourdes,2,6,1,11,67.0,sintetica,55,1
Praça Da Rua Cordislândia,6,11,0,2,40.0,sintetica,39,0
Praça Do Bongi,4,9,1,4,53.0,sintetica,16,0
Praça André Antunes,6,11,0,13,45.0,sintetica,20,0
Praça Arari Ferreira Fonseca,3,10,1,9,55.0,sintetica,19,1
Praça Heiji Gemba,5,3,1,7,42.0,sintetica,12,0
Praça Beatriz Pereira Carneiro,3,18,0,10,66.0,sintetica,28,0
Praça Jornalista Francisco Pessoa De Queiroz,4,5,0,5,95.0,sintetica,11,0
Praça Geraldo Vilas Boas,2,8,0,3,63.0,sintetica,26,0
Praça Alto Jose Do Pinho,0,19,0,14,39.0,sintetica,38,0
Praça Barão Da Soledade,1,9,1,3,46.0,sintetica,11,0
Praça Professor Barreto Campello,0,4,1,11,80.0,sintetica,25,1
Praça Barão Da Soledade,6,12,0,3,56.0,sintetica,58,0
Praça Jules Rimet,1,8,1,5,71.0,sintetica,19,0
José Vilela,1,1,1,6,94.0,sintetica,13,0
Praça Do Finado Leiteiro,6,17,0,12,81.0,sintetica,52,0
Praça Aúreo Xavier,6,20,0,4,85.0,sintetica,90,0
Praça Torreão,2,0,0,9,43.0,sintetica,58,0
Praça Ana Lima Brandão,4,23,0,13,99.0,sintetica,63,0
Praça Márcio Codonga,0,20,0,7,31.0,sintetica,21,0
Praça Elvira Andrade De Souza,4,11,0,6,35.0,sintetica,30,0
Praça  Dos Brôtos,3,9,0,7,55.0,sintetica,51,0
Praça Josen Demery Carneiro,2,1,0,14,21.0,sintetica,25,0
Praça Alberto Pinto,2,8,1,3,81.0,sintetica,45,0
Praça Monsenhor Arruda Camara,3,1,0,7,83.0,sintetica,44,0
Quatro De Outubro,0,22,0,12,48.0,sintetica,18,0
Praça Das Criancas,5,23,1,5,93.0,sintetica,79,0
Praça São Benedito Pereira Dos Santos,3,21,0,2,50.0,sintetica,53,0
Praça Amaro Albino Pimentel,0,13,0,12,34.0,sintetica,10,0
Pracinha Da Estação Do Barro,1,10,0,7,74.0,sintetica,23,0
Praça Professor Paulo Silveira Do Nascimento,6,22,0,12,52.0,sintetica,98,1
Praça Da Rua Cordislândia,2,10,1,6,71.0,sintetica,19,0
Praça Professor Fleming,0,16,0,9,39.0,sintetica,27,0
José Mora De Silveira,4,3,0,4,92.0,sintetica,54,0
Praça Noel Rodrigues,6,12,0,10,57.0,sintetica,18,0
Praça Joaquim Cardoso/Da Biblioteca,4,6,1,3,22.0,sintetica,36,0
Praça José Da Mota Silveira,6,15,0,0,73.0,sintetica,28,0
Praça Antonio Bezerra Pontes,2,0,1,9,85.0,sintetica,45,1
Praça Maria Da Conceição,3,12,0,2,37.0,sintetica,12,1
Thays Lucena,5,0,1,1,26.0,sintetica,47,0
Praça Da Paz,3,10,0,7,54.0,sintetica,18,0
Praça Amaro Lopes/Da Fumaça,0,5,0,13,99.0,sintetica,19,0
Praça Jacarezinho,3,19,0,7,79.0,sintetica,18,1
Parque De Santana,2,2,1,11,43.0,sintetica,26,1
Praça Da Rua Elza Leal Wanderley,0,11,0,4,58.0,sintetica,51,0
Thomaz Lobo,1,4,1,13,31.0,sintetica,47,1
Praça Da Madalena,3,8,0,4,72.0,sintetica,57,0
Praça Luiz Inácio Pessoa De Mello,3,11,0,14,83.0,sintetica,58,0
Praca Arlindo Araujo Filho,5,9,0,10,23.0,sintetica,52,0
Praça Dom Helder,0,18,0,3,24.0,sintetica,29,0
Praça Souto Filho,4,4,0,0,35.0,sintetica,16,0
Praça Maria Da Conceição,3,4,0,0,46.0,sintetica,13,0
Praça André Negromonte,2,8,0,12,23.0,sintetica,19,0
Praça Da Rua Arquiteto Luiz Nunes,3,19,1,5,91.0,sintetica,30,0
Praça Da Rua João Rique. Iputinga Recife,5,16,0,14,67.0,sintetica,23,0
Praça Professor Coelho De Almeida,1,9,0,3,27.0,sintetica,34,0
Praça Professora Antonia Galvão,5,20,1,3,65.0,sintetica,74,0
Praça Sebastião Malta,3,0,0,2,63.0,sintetica,37,0
Praça Luiz Americo Willians,4,21,0,13,86.0,sintetica,64,0
Praça Da Rua Tristão Da Cunha,6,15,0,8,71.0,sintetica,22,0
Praça Via Mangue,3,14,0,2,53.0,sintetica,43,0
Nossa Senhora De Lourdes,0,22,0,7,81.0,sintetica,50,0
Praça Mano Teodósio,3,16,0,1,40.0,sintetica,12,0
Praça Nova Esperança,4,19,1,3,43.0,sintetica,83,0
Praça Governador Paulo Guerra,0,12,0,0,63.0,sintetica,53,0
Glaucineide Ferraz Da Silva,2,0,0,10,60.0,sintetica,24,0
Praça Da Rua Tristão Da Cunha,0,7,0,4,48.0,sintetica,29,0
Praça Marcelino Champagnat,5,4,0,1,25.0,sintetica,17,0
Eudoro Correia,1,5,0,10,75.0,sintetica,59,0
Praça Da Rua Rosa M. De Melo,5,22,1,12,33.0,sintetica,64,1
Praça Virgilio De Oliveira,6,19,0,0,69.0,sintetica,95,0
Praça Aleixo De Oliveira,0,13,1,0,97.0,sintetica,37,0
Praça Da Rua Cordislândia,2,21,0,1,71.0,sintetica,31,0
Praça Tertuliano Feitosa,3,22,0,4,96.0,sintetica,18,0
Espaço Colaborativo,0,10,0,11,20.0,sintetica,37,1
Praça Jacarezinho,5,5,0,14,31.0,sintetica,55,0
Praça Encanamento,0,10,0,14,43.0,sintetica,10,0
Praça  Marciel Pinheiro,0,12,1,8,56.0,sintetica,45,0
Barreirão,0,11,0,5,89.0,sintetica,58,0
Vila Dos Bancários,2,21,0,11,95.0,sintetica,51,0
Praça Do Terminal,4,1,1,3,22.0,sintetica,11,0
Praça Do Fundão,4,20,0,14,46.0,sintetica,60,0
Praça Do Caiara,0,2,0,2,72.0,sintetica,35,0
Praça Eça De Queiroz,2,22,0,7,36.0,sintetica,40,0
Praça Da Comunidade,2,3,0,2,34.0,sintetica,50,0
Travessa Tiradentes,6,16,1,0,58.0,sintetica,28,0
Praça Da Igreja Nossa Senhora De Fatima,0,21,0,3,23.0,sintetica,40,0
Praça Zumbi Dos Palmares,5,5,1,10,36.0,sintetica,18,1
Praça Clotilde Machado,5,6,0,12,30.0,sintetica,12,0
Praça Da Alegria,1,14,0,4,31.0,sintetica,47,0
Praça Dom Vital,0,10,0,4,51.0,sintetica,15,1
Praca Esmeralda,1,23,1,4,46.0,sintetica,58,0
Thomaz Lobo,5,2,0,7,63.0,sintetica,54,0
Praça Da Gaia,5,5,0,7,62.0,sintetica,54,0
15 De Setembro,0,1,0,11,68.0,sintetica,16,0
Praça Faca Cega,1,13,0,12,92.0,sintetica,50,0
Praça Ascenço Ferreira,1,8,0,3,62.0,sintetica,34,0
Praça Da Rua 03,0,17,0,14,22.0,sintetica,34,1
Parque Treze De Maio,6,18,1,8,48.0,sintetica,72,0
Praça Noel Rodrigues,1,11,0,0,54.0,sintetica,10,0
Praça Da Independência,6,12,0,4,67.0,sintetica,31,0
Praça Salgueiro,3,11,0,4,93.0,sintetica,29,0
Praça De Apipucos,5,11,0,4,58.0,sintetica,22,0
Praça Campo Do Lagoão,4,17,1,7,43.0,sintetica,49,0
Praça Desenhista Eulino Santos,6,8,0,8,39.0,sintetica,30,0
Praça Professora Antonia Galvão,6,16,0,2,34.0,sintetica,32,0
Praça Parque Amorim,6,20,0,8,95.0,sintetica,87,0
Praça Brasilit,2,15,1,12,37.0,sintetica,42,1
Praça Campo Do Lagoão,1,16,1,10,79.0,sintetica,18,1
Praça Pinto Damaso,1,20,0,7,60.0,sintetica,38,0
Praça Alberto Pinto,2,23,0,2,88.0,sintetica,41,0
Praça Da Rua Itacambira,1,7,0,1,94.0,sintetica,20,0
Praça Da Criança Alexandra Vilma Dias,2,10,0,14,30.0,sintetica,45,0
Praça Da Rua Riacho Doce,6,23,0,3,75.0,sintetica,78,0
Praça Esperança,0,1,0,14,37.0,sintetica,57,0
Praça José Bonifácio,3,7,0,12,31.0,sintetica,40,0
Praça Jornalista Otávio Sarmento Cardoso/Coliseu,6,11,0,11,35.0,sintetica,23,0
Praça Rafael De Oliveira Alves,3,20,0,1,46.0,sintetica,59,0
Praça Largo Dona Regina,5,0,0,3,36.0,sintetica,34,0
Praça Doutor Júlio Campelo,6,22,0,4,50.0,sintetica,72,0
Praça Chico Science,4,12,0,1,54.0,sintetica,31,0
Bruno Soares Claudina Da Silva,1,21,0,11,46.0,sintetica,18,0
Praça Lins Do Rego/Dos Brotos,4,20,0,7,51.0,sintetica,63,0
General Carlos Pinto,0,16,0,0,36.0,sintetica,32,0
Praça Cosme Viana,3,13,0,2,30.0,sintetica,44,0
Praça Zumbi Dos Palmares,6,13,0,6,20.0,sintetica,29,0
Praça De Nova Morada,0,15,1,9,68.0,sintetica,42,1
Pracinha Da Estação Do Barro,0,16,0,0,60.0,sintetica,44,0
Praça Av Do Forte,1,5,0,12,39.0,sintetica,55,0
Praça Da Avenida Maurício De Nassau,0,6,0,10,90.0,sintetica,39,0
Praça Alto Jose Do Pinho,6,0,0,14,56.0,sintetica,55,0
Praça Fleming,6,14,0,1,35.0,sintetica,39,0
Praça Visconde De Mauá,3,19,0,2,58.0,sintetica,31,0
Praça Angélica,6,20,1,13,64.0,sintetica,72,1
Praça Jenner De Souza,4,17,0,13,83.0,sintetica,10,0
Praça Da Comunidade,3,12,0,1,66.0,sintetica,24,0
Praça Joaquim Cavalcante,1,23,0,1,42.0,sintetica,34,0
Praça Silva Jardim,3,1,0,11,51.0,sintetica,29,0
Arlindo Gouveia,2,18,0,10,68.0,sintetica,16,0
Praça Da Morena,4,14,0,5,38.0,sintetica,25,0
Praça Da República,2,11,0,6,97.0,sintetica,32,0
Praca Da Ur6,2,14,0,5,86.0,sintetica,30,0
Quatro De Outubro,5,17,0,10,58.0,sintetica,10,0
Praça Monteiro Lobato,6,13,0,5,79.0,sintetica,56,0
Praça Da Juventude,1,5,0,14,30.0,sintetica,29,0
Praça Da Rua Joaquim De Brito,0,11,0,8,68.0,sintetica,56,0
Praça Alfredo Ozório,2,19,1,7,34.0,sintetica,28,0
Praça Marcelino Champagnat,3,22,0,13,80.0,sintetica,15,0
Praça Da Quadra,0,5,1,7,62.0,sintetica,47,0
Praça Da Rua Guarabira,3,8,0,5,34.0,sintetica,41,0
Praça Da Gaia,3,3,1,4,98.0,sintetica,10,0
Praça Da Comunidade,0,16,0,8,98.0,sintetica,39,0
Vila Do Moinho,0,1,1,11,92.0,sintetica,25,1
Praça Da Rua Solanea,6,15,0,1,24.0,sintetica,36,0
Praça Adalberto Aguiar,3,23,0,6,48.0,sintetica,27,1
Praça Jardim Uchôa,1,13,0,5,81.0,sintetica,22,0
Praça Torreão,6,7,0,6,79.0,sintetica,53,0
Praça Da Redenção,4,13,0,11,88.0,sintetica,59,0
Praça Infantil John F. Kennedy,5,1,0,3,41.0,sintetica,37,0
Praça Da Avenida General San Martin,4,15,0,8,32.0,sintetica,19,0
Praça Fleming,1,3,0,6,69.0,sintetica,23,0
Largo Visconde De Mauá,6,0,0,1,66.0,sintetica,38,0
Parque Sítio Da Trindade/Arraial V. Do Bom Jesus,5,22,0,12,48.0,sintetica,88,1
Praça Do Jordão,6,19,0,3,99.0,sintetica,68,1
Praça Robert Kennedy / Da Juventude,0,13,1,4,36.0,sintetica,36,0
Praça Da Rua José Rodrigues,5,7,1,1,39.0,sintetica,53,1
Academia Da Cidade,3,2,1,9,97.0,sintetica,26,1
Praça Quitéria,4,4,1,7,25.0,sintetica,12,0
Arnaldo Assunção,5,5,0,0,41.0,sintetica,40,0
Parque Treze De Maio,3,21,1,14,28.0,sintetica,30,1
Praça Monsenhor Arruda Camara,6,7,0,2,51.0,sintetica,42,0
Praça Sargento Max Wolf Filho,1,5,0,14,52.0,sintetica,10,0
Nossa Senhora De Lourdes,5,5,1,13,96.0,sintetica,15,1
Praça Da Rua 03,3,3,0,0,89.0,sintetica,13,0
Praça Flor De Cheiro,6,6,0,14,68.0,sintetica,31,0
Praça Do Lixo Ao Luxo,6,23,0,4,49.0,sintetica,91,1
Praça Da Rua Jatobá,6,18,0,7,35.0,sintetica,95,1
Praça Professor Doutor Antônio Figueira,1,6,0,6,84.0,sintetica,39,0
Avenida Sul,0,2,0,8,33.0,sintetica,49,0
Barreirão,1,7,0,1,75.0,sintetica,35,0
Praça Do Salgueiro,1,0,0,11,56.0,sintetica,48,0
Praça Do Comar,4,0,0,7,68.0,sintetica,48,0
Praça Da Rua Itacambira,6,13,0,7,97.0,sintetica,16,0
Praça Visconde De Mauá,3,5,1,13,69.0,sintetica,23,1
Praça Ministro João Gonçalves De Souza,5,9,0,5,55.0,sintetica,35,0
Praça Phaelante Da Câmara,4,13,1,2,71.0,sintetica,27,0
Praça Mercia De Albuquerque,6,3,0,1,42.0,sintetica,33,0
Praça Circular Do Alto Jordão,2,5,0,13,85.0,sintetica,34,0
Praça Via Mangue,1,15,0,7,90.0,sintetica,59,0
Praça Da Rua Cordislândia,2,20,0,5,64.0,sintetica,41,0
Praça  Dos Brôtos,6,0,0,3,47.0,sintetica,15,0
Praça Do Alto Da Serrinha,4,5,0,4,39.0,sintetica,25,0
Praça Conselheiro João Alfredo,3,8,0,4,68.0,sintetica,12,0
Praça Almirante Do Forte,4,14,0,12,76.0,sintetica,30,0
Praça Da Mauricéia,3,11,0,8,78.0,sintetica,41,0
Praça Fernando Galvão,3,2,1,12,45.0,sintetica,11,1
Praça Desenhista Eulino Santos,6,10,0,12,38.0,sintetica,56,0
Praça Josenildo Lins,0,14,0,8,32.0,sintetica,29,0
Thays Lucena,6,2,0,7,93.0,sintetica,20,0
Praça Beatriz Pereira Carneiro,1,13,0,7,81.0,sintetica,27,0
Praça Professor Abdgar Soriano,4,1,1,11,33.0,sintetica,20,1
Praça Phaelante Da Câmara,3,3,1,1,92.0,sintetica,44,0
Praça João Vinte E Três,6,18,0,13,30.0,sintetica,89,0
Praça Memorial Arco Verde,6,11,0,2,86.0,sintetica,47,0
Superintendente João Gonçalves De Souza,4,1,0,13,31.0,sintetica,21,0
Praça Astério Rufino Alves,4,16,0,7,54.0,sintetica,40,0
Praça Via Mangue,3,2,0,12,58.0,sintetica,45,0
Pracinha Da Estação Do Barro,5,9,1,4,51.0,sintetica,39,0
Praça Simão Borba,2,15,0,6,33.0,sintetica,53,0
Praça João Stanislau,1,21,0,13,84.0,sintetica,13,0
Praça Joaquim Cardoso/Da Biblioteca,1,8,0,7,46.0,sintetica,11,0
Praça Eça De Queiroz,5,10,1,5,79.0,sintetica,53,0
Praça Do Heróis Da Restauração,0,20,0,14,62.0,sintetica,22,0
Praça Da  Boa Viagem,5,14,0,4,84.0,sintetica,35,0
Praça Da Esperança,0,2,0,7,74.0,sintetica,38,0
Praça Souto Filho,0,15,0,0,54.0,sintetica,57,0
Praça Da Amizade,5,20,0,0,51.0,sintetica,86,1
Wilma Damasceno,1,20,0,0,38.0,sintetica,37,0
Sem Nome,2,20,0,2,58.0,sintetica,17,0
Praça Pedro Brandão,1,11,0,9,39.0,sintetica,14,0
Praça Márcio Alves,6,22,0,12,47.0,sintetica,69,0
Praça Sebastião Malta,1,4,0,11,22.0,sintetica,39,0
Praça Márcio Codonga,1,6,0,5,51.0,sintetica,23,0
Praça Rádio Jornal Do Comércio,5,8,0,5,77.0,sintetica,56,0
Praça Coronel Silva Torres,5,20,0,4,73.0,sintetica,62,0
Praça Da Igreja Nossa Senhora De Fatima,6,17,0,12,61.0,sintetica,19,0
Praça Rodrigo Cebola,6,20,0,12,34.0,sintetica,73,0
Praça Dos Pneus,5,7,1,13,81.0,sintetica,15,1
Praça Astério Rufino Alves,1,11,0,6,50.0,sintetica,25,0
Praca General Carlos Pinto,2,19,0,4,80.0,sintetica,35,0
Praça Do Ipê,0,1,0,13,45.0,sintetica,30,0
Praça Semente Do Amanhã,4,9,0,1,88.0,sintetica,45,0
Praça Rádio Jornal Do Comércio,0,18,0,3,76.0,sintetica,50,0
Praça Da Av. Do Forte,6,8,0,0,39.0,sintetica,51,0
Praça Maria Da Conceição,6,23,0,6,85.0,sintetica,97,0
General Carlos Pinto,0,7,0,3,40.0,sintetica,14,0
Praça Deputado Fabio Correa,4,23,1,12,79.0,sintetica,73,0
Praça Infantil John F. Kennedy,1,23,0,3,82.0,sintetica,57,0
Praca Da Ur6,2,23,0,12,70.0,sintetica,40,0
Praça Infantil John F. Kennedy,2,0,1,3,58.0,sintetica,20,0
Praça Desenhista Eulino Santos,0,5,0,2,30.0,sintetica,47,0
A Praça É Nossa,4,11,1,7,76.0,sintetica,16,0
Praça Eça De Queiroz,6,23,1,3,22.0,sintetica,60,0
Praça Da Rua 03,3,18,1,7,56.0,sintetica,54,0
Praça Aleixo De Oliveira,1,16,0,8,44.0,sintetica,58,0
Praça Torreão,0,1,0,0,40.0,sintetica,50,0
Praça Doutor Jose De Melo,2,10,0,14,99.0,sintetica,17,0
Praça Jenner De Souza,6,17,0,3,61.0,sintetica,37,0
Praça Thiago Pepeta,5,22,0,5,20.0,sintetica,87,1
Parque Jonathan Marques Da Cunha,5,21,0,7,42.0,sintetica,97,1
Praça Da Biblia,4,10,0,13,43.0,sintetica,46,0
Praça Getulio Vargas,4,17,0,5,66.0,sintetica,41,0
Praça Vale Do Siriji,0,7,0,11,26.0,sintetica,30,0
Praça Do Quinze,3,14,0,5,57.0,sintetica,54,0
Praça Noel Rodrigues,2,8,0,9,66.0,sintetica,27,0
Barreirão,0,14,0,3,54.0,sintetica,57,0
Gilvania De Oliveira Moura Sá,3,6,0,8,97.0,sintetica,55,0
Praça Treze De Junho,6,19,0,6,81.0,sintetica,75,0
Praça Elvira Andrade De Souza,4,12,0,13,92.0,sintetica,59,1
Arlindo Gouveia,5,12,0,10,22.0,sintetica,17,0
Praça Odon De Alencar,1,0,0,5,39.0,sintetica,21,0
Praça São José Dos Manguinhos,6,19,0,0,63.0,sintetica,64,0
Praça Queira Deus,5,3,1,1,51.0,sintetica,50,0
Praça Encanta Moça/Posto Policial,2,23,0,11,45.0,sintetica,31,0
Praça Silva Jardim,2,3,1,5,67.0,sintetica,18,0
Praça Do Rosário,5,3,0,10,24.0,sintetica,23,0
Praca Da Ur6,6,12,0,14,78.0,sintetica,24,0
Praça Mano Teodósio,5,1,0,0,80.0,sintetica,20,0
Praça Robert Kennedy/Da Juventude,3,22,0,14,68.0,sintetica,22,0
Praça Da Paz,0,14,0,14,49.0,sintetica,37,0
Praça Tobias Vitorino Da Silva,4,3,0,10,36.0,sintetica,34,0
Praça Da Portelinha,3,5,0,4,89.0,sintetica,46,0
Praça  João Maurício Campos,1,2,0,0,77.0,sintetica,15,0
Praça Da Avenida Senador Robert Kennedy,5,6,0,12,82.0,sintetica,46,0
Praça Dos Pneus,1,5,0,2,80.0,sintetica,42,0
Praça Neta Araujo,1,2,1,11,82.0,sintetica,34,1
Praça Poço Da Panela,3,3,0,11,34.0,sintetica,59,0
Praca General Carlos Pinto,4,9,0,11,20.0,sintetica,32,0
Praça São Francisco/Amante Das Flores,6,20,0,6,32.0,sintetica,97,1
Praça Joaquim Cardoso/Da Biblioteca,2,8,1,4,67.0,sintetica,26,0
Arnaldo Assunção,0,5,0,14,53.0,sintetica,40,0
Praça Terminal De Cajueiro,2,19,1,11,49.0,sintetica,35,1
Praça Gustavo Barrozo,4,10,0,14,38.0,sintetica,20,0
Praça Jornalista Anibal Fernandes,2,6,1,9,83.0,sintetica,39,1
Praça Cívica,5,17,0,0,85.0,sintetica,20,0
Thomaz Lobo,5,3,0,0,76.0,sintetica,12,0
Praça Olavo Bilac,3,4,0,14,63.0,sintetica,49,0
Praça Das Criancas,1,3,0,7,31.0,sintetica,49,0
Praça Parque Amorim,4,3,1,10,59.0,sintetica,30,1
Praça Do Bom Pastor,4,12,0,13,43.0,sintetica,44,0
Praça Do Terminal,2,15,0,12,30.0,sintetica,37,0
Praça Encanamento,3,13,1,8,85.0,sintetica,31,0
Praça Raul Soares,2,10,0,6,20.0,sintetica,51,0
Praça Luiz De Lacerda,2,1,1,12,77.0,sintetica,55,1
"Praça. Ur 04 Ibura  , Junto Da Capela Nossa Senhora Aparecida Ur 4 Terminal",4,21,0,2,47.0,sintetica,70,0
Centro Social Bidu Krause,2,13,1,11,87.0,sintetica,32,1
Praça Professor Trajano,1,23,0,5,78.0,sintetica,35,0
Praça Melvin Jones,2,23,0,2,90.0,sintetica,44,1
Praça Aleixo De Oliveira,1,6,0,9,41.0,sintetica,38,0
Praça Monsenhor Arruda Camara,4,10,0,3,48.0,sintetica,55,0
Praça Mercia De Albuquerque,3,3,0,11,93.0,sintetica,20,0
Praça Zumbi Dos Palmares,5,6,0,3,97.0,sintetica,51,0
Campo Do 15,1,15,1,2,88.0,sintetica,55,0
Praça Infantil John F. Kennedy,3,5,1,9,64.0,sintetica,10,1
Praça Nova Morada,3,5,1,5,89.0,sintetica,25,0
Praça Industrial Miguel Santos,1,1,1,4,36.0,sintetica,34,0
Vila Do Moinho,4,23,0,10,98.0,sintetica,98,0
Praça Tertuliano Feitosa,0,7,1,8,58.0,sintetica,27,0
Mariazinha,3,6,1,8,59.0,sintetica,25,0
Praça Arari Ferreira Fonseca,3,23,0,2,47.0,sintetica,28,0
Praça Barão De Caiara,4,13,0,12,21.0,sintetica,25,0
Praça Professor Barreto Campello,4,8,1,8,46.0,sintetica,14,0
Praça Do Mariano Teixeira,2,14,0,12,40.0,sintetica,36,0
Praça Aúreo Xavier,4,21,0,11,26.0,sintetica,82,1
Praça Terminal De Cajueiro,3,17,0,2,80.0,sintetica,15,0
Praça Virgilio De Oliveira,1,11,1,3,71.0,sintetica,43,0
Praça Do Mercado Da Madalena,0,22,1,0,67.0,sintetica,25,0
Praça De Apipucos,6,18,0,4,38.0,sintetica,86,1
Praça 3º Jardim De Boa Viagem,2,12,0,11,92.0,sintetica,52,0
Praça Do Caxito,6,6,0,8,31.0,sintetica,53,0
Centro Social Bidu Krause,1,9,0,14,90.0,sintetica,41,0
Praça Cristo Rei,0,9,0,1,21.0,sintetica,52,0
Praça Da Amizade,0,1,0,3,36.0,sintetica,32,0
Praça José Da Mota Silveira,0,13,1,9,94.0,sintetica,29,0
Praça Alberto Pinto,5,12,0,1,95.0,sintetica,28,0
Horta Comunitária De Casa Amarela,1,21,0,13,22.0,sintetica,38,0
Praca Esmeralda,2,5,1,7,40.0,sintetica,17,0
Parque Infantil Walt Disney,2,8,0,8,97.0,sintetica,38,0
Praça Professor Paulo Silveira Do Nascimento,0,12,0,2,98.0,sintetica,27,0
Praça Da Alegria,1,8,0,12,70.0,sintetica,14,0
Praça  Marciel Pinheiro,5,12,0,14,29.0,sintetica,21,0
Praça Da Paz,0,4,1,8,74.0,sintetica,19,0
Praça Odília Freire Dos Santos,4,13,1,5,55.0,sintetica,56,0
Praça Othon Bezerra De Melo,6,4,0,5,70.0,sintetica,46,0
Praça Do Amor,2,8,0,6,93.0,sintetica,26,0
Praça Novaes Filho,6,7,0,11,36.0,sintetica,41,0
Praça Da Morena,3,6,0,4,80.0,sintetica,13,0
Praça Joaquim Nabuco,0,7,0,5,94.0,sintetica,40,0
Praça Beira Rio,4,21,0,10,32.0,sintetica,64,0
Praça Lins Do Rego/Dos Brotos,2,2,0,0,84.0,sintetica,21,0
Praça Do Colégio Jarbas Pernambucano,6,22,1,2,99.0,sintetica,70,0
Praça Doutor Alberto Wanderley,5,23,1,11,93.0,sintetica,86,1
Vila Dos Bancários,1,14,0,8,67.0,sintetica,41,0
Praça Da Rua José Fernandes Portugal,2,7,0,11,89.0,sintetica,29,0
Praça Do Rosarinho,6,0,0,4,66.0,sintetica,58,0
Praca Mauriceia,1,6,0,4,29.0,sintetica,49,0
Praça Pedro Brandão,6,18,0,7,76.0,sintetica,72,0
Praça Odília Freire Dos Santos,1,1,0,10,99.0,sintetica,32,0
Praça Presidente Kennedy,5,13,0,10,32.0,sintetica,12,0
Praça Da Rua Sargento Rubens Leite,5,17,0,12,80.0,sintetica,44,0
Praça Da Rua Clotilde De Machado I E Ii,0,14,0,1,77.0,sintetica,48,0
Praça Sebastião Pontes,0,13,0,12,87.0,sintetica,59,0
Praça Zeppelin,2,23,0,6,48.0,sintetica,30,0
Praça Da Ong Do Rio - Nova Morada,5,18,0,8,35.0,sintetica,80,1
Praça Da Avenida Maurício De Nassau,4,18,0,6,82.0,sintetica,76,1
Praça Maria Madalena Bispo,6,21,0,11,66.0,sintetica,96,0
Glaucineide Ferraz Da Silva,6,16,0,4,62.0,sintetica,41,0
Praça Airton Senna,6,21,1,12,42.0,sintetica,79,1
Praça Robert Kennedy/Da Juventude,2,18,0,5,49.0,sintetica,48,0
Praça Da Cavalaria,6,15,0,3,76.0,sintetica,11,0
Praça Tempo De Crescer,3,19,0,13,49.0,sintetica,48,0
Praça Maria Da Conceição,1,18,1,11,86.0,sintetica,55,1
Praça Zeppelin,6,0,1,6,75.0,sintetica,24,0
Praça Phaelante Da Câmara,1,18,0,0,43.0,sintetica,25,0
Trevo Da Ur2,0,6,0,3,96.0,sintetica,35,0
Horta Comunitária De Casa Amarela,6,22,0,2,95.0,sintetica,60,0
Praça Do Moviment,4,10,1,12,27.0,sintetica,25,1
Praca Mauriceia,5,4,0,3,63.0,sintetica,30,0
Praça Cristo Rei,5,16,1,0,99.0,sintetica,48,0
Parque Do Jiquiá,0,10,0,11,53.0,sintetica,20,0
Largo Da Paz,3,23,0,12,54.0,sintetica,33,0
Praça Gonçalo Leitão,2,7,1,1,69.0,sintetica,45,0
Jardim Do Forte,2,9,1,11,36.0,sintetica,27,1
Praca Santa Luzia,4,11,0,10,21.0,sintetica,32,0
Praça Profeta Joseph Smith,0,9,0,12,73.0,sintetica,22,0
Praça Da Ur5 Ibura,0,12,0,8,63.0,sintetica,58,0
Praça Melvin Jones,3,17,0,14,68.0,sintetica,53,0
Parque Do Jiquiá,6,9,0,6,21.0,sintetica,59,0
Praça Da Avenida Da Recuperação,2,18,0,12,91.0,sintetica,51,0
Praça Neta Araujo,6,19,0,5,89.0,sintetica,78,0
Praça Franco Gomes Coutinho,0,16,0,1,28.0,sintetica,53,0
Praça Dr Lula Cabral De Melo,6,19,0,0,20.0,sintetica,88,1
Praça Maria Sampaio Lucena,5,15,0,1,88.0,sintetica,54,1
José Carlos Ferreira,4,4,0,6,28.0,sintetica,10,0
Praça José Bonifácio,2,2,0,1,33.0,sintetica,16,0
Praça Professor Doutor Antônio Figueira,3,14,0,2,46.0,sintetica,57,0
Praça Dancing Deys,4,1,0,7,28.0,sintetica,57,0
Praça Doutor Júlio Campelo,1,12,0,6,55.0,sintetica,30,0
Praça Engenho Massangana,5,21,0,11,98.0,sintetica,71,0
Praça Nossa Senhora De Fátima,3,7,0,10,22.0,sintetica,57,0
Praça Camilo Pereira Carneiro,4,22,0,10,42.0,sintetica,77,1
Praça Campo Santo,0,16,0,13,92.0,sintetica,52,0
Praça Centro Campo Grande,1,3,1,10,49.0,sintetica,52,1
Praça Do Moviment,3,18,1,8,38.0,sintetica,11,0
Praça Marcelino Champagnat,0,21,0,11,86.0,sintetica,40,0
Praça Da República,5,8,0,3,69.0,sintetica,48,0
Praça Da Rua Carlos Gomes/ Do Cavalo Dourado,1,22,0,6,67.0,sintetica,18,0
Praça Onze De Junho,2,14,0,0,22.0,sintetica,50,0
Praça Aúreo Xavier,0,8,0,10,85.0,sintetica,23,0
Praça Do Campo Santo,4,23,0,10,46.0,sintetica,90,1
Praça Vale Do Siriji,6,20,0,1,59.0,sintetica,65,0
Praça Da Lagoa Encantada,3,8,1,6,37.0,sintetica,33,0
Praça Dr Adolfo Cirne,1,13,0,14,46.0,sintetica,59,0
Praça Torreão,0,22,0,1,30.0,sintetica,42,0
Praça La Coruna,2,20,0,5,58.0,sintetica,43,0
Praça Da Rua Itacambira,6,15,0,12,38.0,sintetica,29,0
Praça Da Bandeira,3,23,0,9,26.0,sintetica,37,0
Praça Dalva De Oliveira,3,22,0,11,76.0,sintetica,13,0
Praça Nova Morada,0,16,0,8,21.0,sintetica,43,0
Praça Do Cacique - Invadida Por Moradores E Comerciantes Da Área,2,12,0,10,57.0,sintetica,13,0
Pracinha Das Crianças,5,8,0,4,24.0,sintetica,15,0
Praça Jockey Clube,6,14,0,9,97.0,sintetica,31,0
Praça José Bonifácio,5,6,0,6,55.0,sintetica,13,0
Praça Rodrigo Cebola,1,0,1,12,87.0,sintetica,59,1
Praça Das Flores,0,0,0,0,96.0,sintetica,14,0
Praça Dom Bosco,6,4,0,7,76.0,sintetica,20,0
Praça Professor Fleming,1,23,1,8,39.0,sintetica,54,0
Praça Bomba Do Hemetério,5,8,0,14,24.0,sintetica,44,0
Praça Do Conjunto Habitacinal Josue Pinto,6,11,0,12,43.0,sintetica,28,0
Praça Do Salgueiro,3,5,0,4,49.0,sintetica,20,0
Praça Da Madalena,1,12,0,5,47.0,sintetica,20,0
Praça Prof João Borba Maranhão,2,7,0,12,72.0,sintetica,36,0
Praça Lins Do Rego/Dos Brotos,4,14,0,10,70.0,sintetica,11,0
Praça Da Convenção,5,5,1,7,26.0,sintetica,56,0
Praça  Zeca Barbosa,5,5,0,3,61.0,sintetica,17,0
Praça Monsenhor Arruda Camara,2,3,0,1,54.0,sintetica,43,0
Praça Pinto Damaso,6,10,0,14,53.0,sintetica,49,0
Aritana,6,20,0,9,92.0,sintetica,89,0
Praça Rodrigo Cebola,6,17,0,7,95.0,sintetica,32,0
Praça Quartel General,1,2,0,1,73.0,sintetica,24,0
Praça Estevão De Sá,0,2,0,4,48.0,sintetica,57,0
Praça Sitio Grande,3,11,0,14,29.0,sintetica,22,0
Praça Luiz Americo Willians,4,20,1,12,46.0,sintetica,81,1
Praça Da Rua Quintino Bocaiuva,0,20,1,5,32.0,sintetica,58,0
Av Manoel Gonsalves Da Luz,0,5,0,4,61.0,sintetica,55,0
Praça Gregório Bezerra,2,20,0,5,56.0,sintetica,23,0
Praça Nadir Colaco,1,5,0,5,80.0,sintetica,10,0
Praça Astério Rufino Alves,5,7,0,2,98.0,sintetica,36,0
Praça Do Quinze,5,14,0,10,40.0,sintetica,42,1
Praça Dezessete,2,17,0,10,22.0,sintetica,44,0
Prc Senhor Bartolomeu,1,19,0,2,27.0,sintetica,24,0
Praça Da Rua Caxangá Agape,2,15,0,8,89.0,sintetica,14,0
Praça Professor Calazans,5,5,1,2,36.0,sintetica,46,0
Praça  Da Entrada Da Ur 2,0,20,0,2,29.0,sintetica,13,0
Av Manoel Gonsalves Da Luz,3,16,0,10,32.0,sintetica,55,0
Praça Desenhista Eulino Santos,6,8,0,13,31.0,sintetica,29,0
Praça Alice De Albuquerque,1,18,1,1,85.0,sintetica,48,0
Praça Conselheiro João Alfredo,4,17,0,6,93.0,sintetica,31,0
Praça Bernardo Vieira De Melo,4,22,0,9,42.0,sintetica,96,1
Praça Professor Barreto Campelo B,0,4,0,9,84.0,sintetica,56,0
Praça Phaelante Da Câmara,2,5,1,3,71.0,sintetica,20,0
Praça Da Várzea,2,11,0,0,80.0,sintetica,55,0
Largo Dom Luiz,5,10,0,5,45.0,sintetica,15,0
Praça Torreão,0,15,1,4,34.0,sintetica,36,0
Praça Coronel Silva Torres,5,19,1,13,41.0,sintetica,69,1
Praça Rádio Capibaribe,5,16,0,10,84.0,sintetica,48,0
Praça Zeppelin,4,19,0,1,45.0,sintetica,71,0
Praça Sementes Do Amanhã,5,8,0,5,40.0,sintetica,55,0
Praça Professor Doutor Antônio Figueira,6,0,0,0,43.0,sintetica,35,0
Praça Doutor Pedro Alves Neto,5,2,0,2,35.0,sintetica,46,0
Praça Da Bandeira,4,20,0,3,51.0,sintetica,91,1
Praça Rádio Capibaribe,6,22,0,12,35.0,sintetica,92,1
Praça Da Rua Solanea,2,8,0,2,96.0,sintetica,58,0
Praça Josenildo Lins,1,21,0,14,61.0,sintetica,37,0
Praça José Vieira,3,18,0,12,51.0,sintetica,57,0
Praça Nova Esperança,5,12,0,5,69.0,sintetica,45,0
Praça João Vinte E Três,6,22,0,10,60.0,sintetica,64,0
Praça  Marciel Pinheiro,1,13,0,3,43.0,sintetica,34,0
Praça Da Quadra,4,19,0,13,32.0,sintetica,78,1
Praça Poeta Fernando Pessoa,1,18,0,0,94.0,sintetica,22,0
Arlindo Gouveia,3,22,0,4,98.0,sintetica,16,0
Dr.Luis Ramos Leal,1,6,0,4,29.0,sintetica,10,0
Praça Luiz Albacora,6,3,0,8,61.0,sintetica,18,0
Praça Jornalista Anibal Fernandes,1,11,0,7,60.0,sintetica,37,0
Praça Novaes Filho,1,22,0,14,22.0,sintetica,45,0
Praça Do Moinhos,1,13,1,7,74.0,sintetica,55,0
Praça Do Colégio Jarbas Pernambucano,0,1,0,4,35.0,sintetica,39,0
Praça Alberto Pinto,5,0,0,7,63.0,sintetica,18,0
Pracinha Da Estação Do Barro,4,17,0,13,49.0,sintetica,39,0
Praça Poliesportiva Da Ur4 Ibura,3,19,0,9,56.0,sintetica,44,0
Praça Da Bandeira,4,7,0,6,79.0,sintetica,56,0
Praça Vale Do Siriji,0,2,0,0,96.0,sintetica,36,0
Praça Gildo Macedo Lacerda,0,5,0,11,43.0,sintetica,38,0
Praça Da Avenida Da Recuperação,6,21,0,6,45.0,sintetica,65,0
Praça Angélica,0,12,0,10,77.0,sintetica,10,0
Praça  João Maurício Campos,5,8,0,7,28.0,sintetica,52,0
Praça Alberico Glasner Da Rocha,0,8,0,2,80.0,sintetica,14,0
Praça Estação Macaco,1,19,0,8,38.0,sintetica,38,0
Praça Conselheiro João Alfredo,4,8,0,7,47.0,sintetica,26,0
Praça Isabel Cabral,2,14,0,1,26.0,sintetica,58,0
Praça Quinze De Setembro,3,12,0,5,64.0,sintetica,46,0
Praça Do Ipê,0,21,0,3,82.0,sintetica,33,0
Praça João Miguel De Souza Junior,4,15,0,2,56.0,sintetica,36,0
Praça Das Cinco Pontas,6,1,0,10,35.0,sintetica,18,0
Praça Zumbi Dos Palmares,0,13,0,5,24.0,sintetica,47,0
Praça Da Rua Guarabira,5,5,0,9,48.0,sintetica,22,0
Praça Da Chesf,0,1,0,12,71.0,sintetica,35,0
Pinto Damásio,0,7,1,14,42.0,sintetica,20,1
Praça Da Rua Joaquim De Brito,0,3,0,8,25.0,sintetica,33,0
Praça Maciel Pinheiro,6,20,0,1,55.0,sintetica,84,1
Praça Da Feb,0,23,1,9,76.0,sintetica,58,1
Parque Da Tamarineira,3,13,0,9,52.0,sintetica,15,0
Praça Da Rua Guarabira,4,10,1,9,68.0,sintetica,44,1
Praça Augusto Rodrigues,5,23,0,4,60.0,sintetica,62,0
Praça Do Finado Leiteiro,0,13,0,5,99.0,sintetica,22,0
Praça Geraldo Vilas Boas,0,11,0,3,74.0,sintetica,53,0
Praça Truaca/Tempo De Crescer,0,15,1,6,45.0,sintetica,20,1
Parque Exposição Do Cordeiro,0,5,1,1,56.0,sintetica,32,0
Praça Estação Macaco,1,19,0,6,96.0,sintetica,11,0
Rua Maria Adelaide Castelo Branco,1,0,0,1,36.0,sintetica,39,0
"R. Vidal De Negreiros,",2,11,0,0,51.0,sintetica,28,0
Praça Gustavo Barrozo,0,6,0,10,47.0,sintetica,49,0
Praça José Cicílio,2,7,1,4,44.0,sintetica,54,0
Praça Souto Filho,3,8,0,1,66.0,sintetica,55,0
Praça Do Quinze,2,1,0,7,41.0,sintetica,56,0
Praça Jornalista Otávio Sarmento Cardoso/Coliseu,4,16,1,11,80.0,sintetica,58,1
Praça Da Convenção,1,19,1,11,63.0,sintetica,24,1
Praça Do Tourão,1,12,0,11,39.0,sintetica,51,0
Jardim América,0,4,0,7,69.0,sintetica,42,0
Parque Do Forte Do Arraial Novo Do Bom Jesus,0,9,1,0,66.0,sintetica,53,0
Praça Amaro Lopes/Da Fumaça,3,11,0,3,66.0,sintetica,50,0
Praça Da Travessa José Leite,5,16,0,13,91.0,sintetica,14,0
Praça Otávio De Freitas,3,20,0,8,70.0,sintetica,31,0
Praça Machado De Assis,4,5,1,4,74.0,sintetica,36,0
Praça Da Mauricéia,0,2,0,11,97.0,sintetica,56,0
Praça Da Rua Caxangá Agape,0,14,0,10,58.0,sintetica,44,0
Praça Vale Do Siriji,3,6,0,9,33.0,sintetica,28,0
Praça Das Lolitas,3,5,1,12,88.0,sintetica,48,1
Praça Da Avenida Maurício De Nassau,3,3,0,5,66.0,sintetica,16,0
Andresa Carla Gomes Do Nascimento,1,18,0,2,40.0,sintetica,48,0
Praça José Bonifácio,2,4,0,4,34.0,sintetica,43,0
Praça Do Jardim São Paulo,2,2,1,13,20.0,sintetica,43,1
Praça Riacho Doce,0,8,0,11,99.0,sintetica,36,0
"Praça. Ur 04 Ibura  , Junto Da Capela Nossa Senhora Aparecida Ur 4 Terminal",1,5,0,12,29.0,sintetica,53,0
Praça João Rique,3,12,1,12,42.0,sintetica,14,1
Praça Da Travessa José Leite,0,21,0,12,37.0,sintetica,13,0
Praça Da Feb,1,19,0,0,77.0,sintetica,16,0
Praça Do Terço,4,3,1,7,92.0,sintetica,57,0
Praça Dom Miguel Valverde,5,1,0,10,96.0,sintetica,12,0
Praça Campo Do Lagoão,1,3,0,14,71.0,sintetica,30,0
Praça Largo Dona Regina,6,7,0,5,65.0,sintetica,43,0
Gilvania De Oliveira Moura Sá,0,12,0,11,32.0,sintetica,58,0
Praça Luiz Gonzaga,2,9,0,1,36.0,sintetica,18,0
Praça Do Heróis Da Restauração,6,17,0,3,86.0,sintetica,29,0
Parque Da Jaqueira,3,8,1,3,80.0,sintetica,49,0
Praça Sargento Max Wolf Filho,5,0,0,8,84.0,sintetica,21,0
Praça Nossa Senhora De Fátima,4,12,0,8,72.0,sintetica,48,0
Praça Da Rua José Augusto De Barros,5,17,0,4,24.0,sintetica,55,0
Praça Engenho Poeta/Do Rotary,5,14,0,11,51.0,sintetica,37,0
Praça Chora Menino,1,1,0,2,64.0,sintetica,57,0
Praça Professor Fleming,0,10,0,0,75.0,sintetica,42,0
Espaço Colaborativo,0,13,0,5,24.0,sintetica,19,0
Praça Da Rua João Rique. Iputinga Recife,5,21,0,7,95.0,sintetica,68,0
Praça Dom Helder,3,14,0,0,53.0,sintetica,16,0
Praça Da Biblia,0,13,0,10,80.0,sintetica,27,0
Praça Palminha / Próximo Ao Núcleo Policial / Padaria Flor Do Ibura,5,15,0,0,99.0,sintetica,28,0
Praça Nova Morada,0,22,0,14,81.0,sintetica,23,0
Praça Centro Campo Grande,3,14,1,10,88.0,sintetica,26,1
Praça Professor Barreto Campelo B,4,18,0,6,82.0,sintetica,61,0
Praça Da Alegria,6,8,0,6,63.0,sintetica,28,0
Praça Industrial Miguel Santos,5,4,0,1,47.0,sintetica,54,0
Praça Castro Alves,2,4,0,2,89.0,sintetica,12,0
Superintendente João Gonçalves De Souza,2,10,0,1,32.0,sintetica,43,0
Praça Rodrigo Cebola,5,19,0,5,62.0,sintetica,89,0
Praça Da Rua Sargento Rubens Leite,1,23,0,12,49.0,sintetica,50,0
Praça Da Rua Água Preta,4,3,0,12,45.0,sintetica,40,0
Praça Do Cajueiro,1,19,0,7,82.0,sintetica,48,0
Praça Barão De Caiara,6,17,0,7,92.0,sintetica,23,0
Campo Do 15,2,2,1,14,76.0,sintetica,46,1
Praça Dona Elizabeth,3,3,0,0,83.0,sintetica,56,0
Praça Fernando Galvão,5,13,0,10,99.0,sintetica,29,0
Praça Do Sargento,6,6,0,8,68.0,sintetica,41,0
Praça Da Quadra,0,7,1,10,71.0,sintetica,42,1
Praça Jules Rimet,2,23,0,7,82.0,sintetica,40,0
Praça Cívica,4,15,0,8,32.0,sintetica,16,0
Praça Da Gaia,2,19,0,12,64.0,sintetica,14,0
Praça  De Campo Grande - Eudoro,4,14,0,13,65.0,sintetica,13,0
Praça Antonio Bezerra Pontes,4,6,0,12,96.0,sintetica,20,0
Praça Da  Boa Viagem,5,16,1,8,60.0,sintetica,28,0
Praça Joaquim Cavalcante,4,21,0,10,65.0,sintetica,70,0
Praça Infantil John F. Kennedy,1,21,0,11,20.0,sintetica,29,0
Largo Dom Luiz,6,21,0,5,92.0,sintetica,69,0
Praça Circular Do Alto Jordão,3,11,0,2,87.0,sintetica,38,0
Praça Pinto Damaso,2,17,0,0,31.0,sintetica,27,0
Praça Joaquim Cavalcante,3,23,0,10,92.0,sintetica,46,0
Praça Márcio Codonga,6,13,0,7,54.0,sintetica,56,0
Praça Mercado Municipal Da Ur-5,0,14,1,9,52.0,sintetica,34,1
Praça Clube Sargento Wolf,6,14,0,2,77.0,sintetica,29,0
Praça Casarão Alto Do Ceu,2,4,1,12,54.0,sintetica,15,1
Praça Poço Da Panela,3,15,1,6,65.0,sintetica,45,0
Praça Clotilde Machado,3,4,0,12,85.0,sintetica,58,0
Praça De Casa Forte,5,1,0,9,63.0,sintetica,24,0
Praça De Boa Viagem,5,19,1,5,45.0,sintetica,72,0
Praça Da Roda De Fogo,6,8,0,2,61.0,sintetica,47,0
Praça Alto Jose Do Pinho,6,21,0,5,96.0,sintetica,88,0
Praça Padre Romano Zuferey,0,8,0,11,49.0,sintetica,29,0
Praça Engenho Massangana,4,3,0,2,51.0,sintetica,31,0
Praça Coronel Silva Torres,2,14,1,12,55.0,sintetica,21,1
Praca Da Ur6,5,10,1,14,38.0,sintetica,50,1
Praça Do Bueirão,2,0,1,12,41.0,sintetica,49,1
Praça Alfredo Ozório,0,17,0,13,84.0,sintetica,56,0
Praça Professora Antonia Galvão,5,0,0,8,76.0,sintetica,42,0
Praça Salgueiro,5,7,0,12,30.0,sintetica,38,0
Praça Luiz De Lacerda,4,15,0,0,45.0,sintetica,11,0
Praça Maria Da Conceição,2,21,0,12,67.0,sintetica,35,1
Praça Do Terço,2,17,0,7,38.0,sintetica,41,1
Praça Professor Doutor Antônio Figueira,2,21,1,4,31.0,sintetica,12,0
Praça Campo Do Lagoão,4,8,1,14,86.0,sintetica,39,1
Praça Zumbi Dos Palmares,5,11,0,3,75.0,sintetica,28,0
Praça Professor Paulo Silveira Do Nascimento,0,18,0,0,37.0,sintetica,19,0
Quatro De Outubro,2,17,0,8,24.0,sintetica,34,0
Praça Sítio Das Palmeiras,3,4,0,12,43.0,sintetica,55,0
Praça Doutor Jose De Melo,4,1,0,8,97.0,sintetica,28,0
Domingos Gilvaneti,1,6,0,12,57.0,sintetica,52,0
Praça Phaelante Da Câmara,0,9,1,4,86.0,sintetica,30,0
Praça Ayrton Senna,3,14,0,13,89.0,sintetica,15,0
Praça Da Rua José Augusto De Barros,2,6,0,10,95.0,sintetica,23,0
Praça Do Jacaré,1,4,0,8,71.0,sintetica,17,0
Praça José Cicílio,0,14,0,14,94.0,sintetica,11,0
Praca Mauriceia,4,19,0,9,58.0,sintetica,76,1
Praça Profeta Joseph Smith,1,19,0,13,78.0,sintetica,31,0
Praça Camilo Pereira Carneiro,5,14,1,8,45.0,sintetica,39,0
Praça Treze De Junho,6,9,0,6,84.0,sintetica,45,0
Praça Vinte De Julho,1,23,0,7,99.0,sintetica,37,0
Praça Maracangaia,6,13,0,0,67.0,sintetica,44,0
Praça Do Bongi,3,9,0,3,72.0,sintetica,11,1
Praça Do Entroncamento,0,16,0,9,28.0,sintetica,45,0
Praça Do Cajueiro,3,20,0,9,24.0,sintetica,27,0
José Vilela,3,13,0,14,91.0,sintetica,52,0
Praça Amaro Lopes/Da Fumaça,2,1,0,3,80.0,sintetica,18,0
Praça Professor Fleming,4,15,0,11,40.0,sintetica,37,0
Praça Dr Adolfo Cirne,1,12,0,8,82.0,sintetica,17,0
Praça Da  Singapura,0,8,1,2,39.0,sintetica,17,0
Praça Mercia De Albuquerque,5,6,0,14,77.0,sintetica,14,0
Praça La Coruna,4,15,0,11,64.0,sintetica,22,0
Praça Do Salgueiro,4,9,0,9,41.0,sintetica,16,0
Praça Quinze De Setembro,0,23,1,14,96.0,sintetica,30,1
Praça Batista Da Silva,4,21,0,9,94.0,sintetica,69,0
Praça Da Gaia,2,8,0,0,82.0,sintetica,46,0
Praça De Apipucos,4,21,0,14,49.0,sintetica,60,0
Praça Da Rua Clotilde Machado,2,22,1,10,82.0,sintetica,57,1
Praca Mauriceia,1,6,0,4,63.0,sintetica,23,0
Praça Dr Lula Cabral De Melo,1,15,0,6,86.0,sintetica,46,0
Praça Fernando Galvão,3,8,1,11,77.0,sintetica,13,1
Praça Da Rua Água Preta,2,23,0,3,84.0,sintetica,31,0
Praça Do Forte Do Brum,5,16,0,8,55.0,sintetica,20,0
Praça Prof João Borba Maranhão,1,19,0,5,25.0,sintetica,43,0
Praça Boco-Moco/Da Ur 5,4,6,0,5,56.0,sintetica,54,0
Parque Jonathan Marques Da Cunha,0,10,0,2,94.0,sintetica,25,0
Praça De Casa Forte,0,7,1,9,74.0,sintetica,18,1
Praça Dom Vital,6,6,0,9,96.0,sintetica,25,0
Praça Melvin Jones,2,18,0,4,94.0,sintetica,48,0
Praça Doutor Pedro Alves Neto,5,19,1,9,78.0,sintetica,96,0
Praça Dancing Deys,3,11,1,5,57.0,sintetica,40,0
Praça Da Comunidade,4,6,0,13,44.0,sintetica,40,0
Praça Dr Lula Cabral De Melo,2,7,0,3,98.0,sintetica,22,1
Praça Francisco Apolônio Jorge Sales,6,6,0,12,96.0,sintetica,14,0
Praça Do Conjunto Habitacinal Josue Pinto,0,5,0,2,52.0,sintetica,56,0
Praça Da Rua Joaquim De Brito,2,8,0,4,32.0,sintetica,48,0
Praça Marcantônio Vilaça,4,12,0,6,57.0,sintetica,27,0
Praça Abelardo Baltar,5,6,0,10,77.0,sintetica,29,0
Pracinha De Boa Viagem,5,7,0,5,39.0,sintetica,11,1
Praça Rádio Jornal Do Comércio,1,21,0,1,36.0,sintetica,49,1
Praça Cafesopolis,4,16,0,0,43.0,sintetica,39,0
Praça De Nova Morada,6,16,0,4,45.0,sintetica,19,0
Praça Izabel De Goes,1,15,0,4,59.0,sintetica,51,0
Campo Do 15,1,21,0,11,51.0,sintetica,20,0
Parque Das Graças Lucia Moura,1,1,0,11,97.0,sintetica,38,0
Praça Do Mercado Da Madalena,2,7,0,5,56.0,sintetica,49,0
Praça Do Colégio Jarbas Pernambucano,6,16,1,2,79.0,sintetica,25,0
Praça Do Conjunto Habitacinal Josue Pinto,0,12,0,0,76.0,sintetica,57,0
Praça Barão Da Soledade,5,17,0,14,77.0,sintetica,37,0
Praça Doutor Jose De Melo,2,23,0,3,86.0,sintetica,26,0
Praça João Pessoa De Queiroz,0,21,0,3,41.0,sintetica,47,0
Praça Dr Lula Cabral De Melo,5,9,0,9,77.0,sintetica,59,0
Praça Rafael De Oliveira Alves,6,1,0,1,99.0,sintetica,58,0
Praça Luiz Gonzaga,6,1,0,13,92.0,sintetica,53,0
Praça Luiz Gonzaga,4,13,0,7,96.0,sintetica,24,0
Praça Alberico Glasner Da Rocha,5,15,1,5,93.0,sintetica,40,1
Praça Josen Demery Carneiro,5,6,0,11,68.0,sintetica,16,0
Praça Robert Kennedy / Da Juventude,6,20,0,2,68.0,sintetica,62,0
Parque Das Graças Lucia Moura,5,20,0,14,61.0,sintetica,82,0
Praça Artur Lima Cavalcanti,3,23,1,0,59.0,sintetica,45,0
Vila.Das Lavadeiras,4,11,1,11,90.0,sintetica,58,1
Praça Alto Jose Do Pinho,2,22,0,10,65.0,sintetica,35,0
Praça Amaro Albino Pimentel,2,13,0,2,41.0,sintetica,20,0
Praça Da Igreja Nossa Senhora De Fatima,0,3,0,7,40.0,sintetica,15,0
Praça Da Madalena,2,3,0,3,70.0,sintetica,51,0
Praça Ulisses Leon De Oliveira,1,17,0,2,33.0,sintetica,38,0
Sem Nome,5,2,0,12,93.0,sintetica,37,0
Praça Getulio Vargas,2,0,1,10,28.0,sintetica,24,1
Praça Neta Araujo,0,16,0,3,37.0,sintetica,38,0
Praça Da Mauricéia,0,6,1,10,32.0,sintetica,15,1
Praça  Dos Brôtos,1,15,0,14,36.0,sintetica,57,0
José Vilela,0,4,0,3,44.0,sintetica,21,0
Praça Cívica,6,18,0,1,73.0,sintetica,89,0
Praça Da Torre,3,6,0,3,35.0,sintetica,55,0
Praça Da Torre,6,13,0,10,43.0,sintetica,47,0
Praça Da Amizade,5,1,0,11,94.0,sintetica,18,0
Praça 3º Jardim De Boa Viagem,5,2,1,8,42.0,sintetica,31,0
Praça Arão Botler,5,16,0,3,60.0,sintetica,42,0
Praça Da Rua Guarabira,4,15,0,11,52.0,sintetica,35,0
Praça Da Av. Do Forte,2,7,0,0,61.0,sintetica,49,0
Praça Da Rua Clotilde De Machado I E Ii,3,17,1,0,67.0,sintetica,16,0
Praça Abelardo Baltar,2,14,0,0,37.0,sintetica,55,0
Parque Das Graças Lucia Moura,3,6,0,13,82.0,sintetica,41,1
Praça Truaca/Tempo De Crescer,2,8,0,4,97.0,sintetica,49,0
Praça Virgilio De Oliveira,1,5,0,5,30.0,sintetica,52,1
Praça Do Pirulito,6,17,1,11,43.0,sintetica,33,1
Praça Da  Singapura,0,17,0,5,80.0,sintetica,50,0
Praça Da Rua José Fernandes Portugal,0,23,0,5,83.0,sintetica,48,0
Praça Bomba Do Hemetério,6,13,0,8,55.0,sintetica,47,0
Praça Oswaldo Cruz,1,13,0,0,96.0,sintetica,59,0
Praça Do Terço,3,13,0,9,72.0,sintetica,46,0
General Carlos Pinto,6,3,0,5,66.0,sintetica,28,0
Praça Do Bongi,4,3,0,12,71.0,sintetica,52,0
Praça Do Comar,3,14,0,7,98.0,sintetica,14,0
Praça Dalva De Oliveira,0,14,0,7,76.0,sintetica,39,0
Praça Izabel De Goes,4,17,0,11,94.0,sintetica,34,0
Praça Largo Dona Regina,2,13,0,14,42.0,sintetica,39,0
Praça Alberto Pinto,4,0,0,14,78.0,sintetica,34,0
Praça Da Igreja Nossa Senhora De Fatima,3,9,1,2,88.0,sintetica,18,0
Praça Semente Do Amanhã,1,19,0,12,75.0,sintetica,36,0
Nossa Senhora De Lourdes,2,9,0,4,61.0,sintetica,33,0
Praça Cosme Viana,3,9,0,9,37.0,sintetica,49,0
Praça Beira Rio,2,23,1,3,90.0,sintetica,52,0
Praça Da Rua Água Preta,4,1,1,11,52.0,sintetica,47,1
Praça De Boa Viagem,0,7,0,0,22.0,sintetica,24,0
Praça Lagoa Do Araça,3,0,0,8,47.0,sintetica,47,0
Praça Professor Fleming,1,0,0,4,20.0,sintetica,35,1
Praça Novaes Filho,6,3,0,1,82.0,sintetica,39,0
Praça Marcantônio Vilaça,4,6,0,11,66.0,sintetica,20,0
Praça Alto Jose Do Pinho,3,8,0,1,56.0,sintetica,38,0
Não Temos Nome,1,15,1,10,67.0,sintetica,24,1
Praça Do Bueirão,3,4,0,6,38.0,sintetica,53,0
Avenida Sul,4,1,0,3,33.0,sintetica,18,0
Praça Campo Do Lagoão,3,22,0,0,86.0,sintetica,51,0
Praça Do Colégio Jarbas Pernambucano,2,10,0,4,84.0,sintetica,38,0
A Praça É Nossa,4,17,1,1,45.0,sintetica,24,0
Peixinhos,3,18,0,14,29.0,sintetica,26,0
Praça Maria Sampaio Lucena,6,12,0,6,96.0,sintetica,25,0
Praça Vinte De Julho,0,23,0,14,89.0,sintetica,31,0
Praça Dr Lula Cabral De Melo,3,10,0,8,62.0,sintetica,49,1
Largo Da Encruzilhada,2,19,0,12,89.0,sintetica,58,0
Praça Do Terminal Da Guabiraba,1,18,1,0,99.0,sintetica,52,0
Praça Do Bueirão,6,16,0,11,91.0,sintetica,20,0
Praça Flor De Cheiro,1,4,0,1,78.0,sintetica,47,0
Praça Do Jordão,6,12,1,10,22.0,sintetica,34,1
Amante  Das Flores,1,19,0,5,24.0,sintetica,39,0
Praça Da Criança Alexandra Vilma Dias,0,0,0,7,97.0,sintetica,11,0
Praça Alto Jose Do Pinho,2,9,0,6,56.0,sintetica,10,1
Praça Da Avenida Da Recuperação,4,7,0,8,71.0,sintetica,47,0
Praça José Da Mota Silveira,1,23,1,13,85.0,sintetica,46,1
Praça Da Rua Pinheiro Machado,6,7,0,1,82.0,sintetica,18,0
Praça Estação Macaco,2,18,0,11,26.0,sintetica,14,0
Praça Otávio De Freitas,3,5,0,8,72.0,sintetica,59,0
Praça Torreão,0,11,0,3,25.0,sintetica,33,0
Praça Dom José Pereira Alves,2,6,0,10,26.0,sintetica,36,0
Praça Vila Esperança,2,15,0,14,63.0,sintetica,39,0
Praça Mercado Municipal Da Ur-5,4,8,0,2,37.0,sintetica,24,0
Praça Sementes Do Amanhã,2,20,0,6,73.0,sintetica,56,0
Praça Do Largo Da Ponte Do Motocolombo,4,21,0,4,48.0,sintetica,96,1
Praça Izabel De Goes,0,9,0,12,44.0,sintetica,55,0
Praça Alto Da Serrinha,0,9,0,4,82.0,sintetica,46,0
Praça Profeta Joseph Smith,3,9,0,11,87.0,sintetica,39,0
Praça Alfredo Pinto,4,19,0,12,32.0,sintetica,93,1
Praça Da Rua Cordislândia,4,15,0,1,51.0,sintetica,24,0
Praça Abelardo Rijo,1,0,0,5,46.0,sintetica,29,0
Praça Do Internacional,1,16,0,5,70.0,sintetica,58,0
Praça Sena Vila Cardeal E Silva - Areias,3,20,0,11,53.0,sintetica,34,0
15 De Setembro,0,13,0,3,47.0,sintetica,18,0
Praça Joaquim Nabuco,5,18,1,4,92.0,sintetica,63,0
Praça Arsenal Da Marinha,1,20,0,6,91.0,sintetica,31,0
Praça Da Rua Quintino Bocaiuva,2,20,1,13,49.0,sintetica,22,1
Área Central Da Avenida José Américo De Almeida,0,16,0,7,28.0,sintetica,46,0
Praça Professor Barreto Campelo B,5,13,1,5,32.0,sintetica,37,0
Praça João Vinte E Três,2,7,0,4,83.0,sintetica,23,0
Praça Do Iml,6,20,0,11,57.0,sintetica,71,0
Praça Presidente Kennedy,4,20,1,2,41.0,sintetica,74,0
Praça Do Sargento,0,8,0,6,50.0,sintetica,14,0
Largo Dom Luiz,6,7,0,7,61.0,sintetica,21,0
Praça Do Largo Da Ponte Do Motocolombo,3,12,0,2,81.0,sintetica,44,0
Praça Jockey Clube,4,16,0,4,83.0,sintetica,50,0
Praça Alto Da Serrinha,4,18,0,10,93.0,sintetica,94,0
Jardim América,2,6,0,1,28.0,sintetica,10,0
Praça Da Rua Carlos Gomes/ Do Cavalo Dourado,6,16,0,9,63.0,sintetica,55,0
Praça Vila 27 De Abril,4,0,0,9,82.0,sintetica,10,0
Fabiano Da Jora,1,4,1,11,59.0,sintetica,51,1
Praça Jenner De Souza,0,5,0,3,60.0,sintetica,52,0
Praça Monsenhor Arruda Camara,1,1,0,11,91.0,sintetica,29,0
Praça Marcelino Champagnat,2,15,0,3,69.0,sintetica,43,0
Praça João Miguel De Souza Junior,5,21,1,11,39.0,sintetica,99,1
Praça Da Guabiraba,2,4,0,12,89.0,sintetica,33,0
Praça Da Rua Junqueira Freire,0,4,1,7,61.0,sintetica,37,0
Praça Novaes Filho,4,11,0,2,52.0,sintetica,20,0
Praça Robert Kennedy/Da Juventude,6,2,0,4,82.0,sintetica,17,0
Praça Vereador Carlos Duarte,6,15,0,10,76.0,sintetica,44,0
Praça Do Paraíso,3,5,0,4,84.0,sintetica,50,0
Praça João Stanislau,2,14,0,1,71.0,sintetica,25,0
Praça Amaro Lopes/Da Fumaça,0,14,0,8,25.0,sintetica,25,0
Praça Da Vtiória,3,15,0,3,26.0,sintetica,51,0
Centro Social Bidu Krause,4,19,0,8,28.0,sintetica,68,0
Praça Da Rua José Augusto De Barros,5,12,0,8,80.0,sintetica,29,0
Praça Dom Helder,2,11,0,1,99.0,sintetica,20,0
Praça Tamarindo,5,9,0,8,53.0,sintetica,17,0
Praça Dr José Vilela,0,13,0,8,54.0,sintetica,29,0
Praça Da Vila Teimosinho,5,1,0,1,39.0,sintetica,41,0
Praça Abelardo Rijo,5,2,1,10,77.0,sintetica,42,1
Praça Deputado Fabio Correa,0,8,0,12,79.0,sintetica,15,0
Praça João Stanislau,0,10,0,5,73.0,sintetica,37,1
Praça Heiji Gemba,2,10,0,8,54.0,sintetica,17,0
Praça Da Rua Rosa M. De Melo,5,21,0,3,66.0,sintetica,98,0
Praça Brasilit,3,9,0,1,65.0,sintetica,12,0
Praça Da Rua Riacho Doce,0,13,0,6,23.0,sintetica,11,0
Praça Da Rua Abc,4,8,0,14,29.0,sintetica,31,0
Praça Paulo Freire,5,19,1,8,94.0,sintetica,99,0
Praça  Zeca Barbosa,0,20,0,5,59.0,sintetica,52,0
Praça Do Salgueiro,3,9,0,10,74.0,sintetica,30,0
Praça Do Entrocamento,6,21,0,10,92.0,sintetica,76,0
Praça Do Heróis Da Restauração,2,8,0,13,59.0,sintetica,49,0
Praça Beatriz Pereira Carneiro,5,4,0,3,95.0,sintetica,16,0
Praça Do Caixito,6,7,0,0,42.0,sintetica,15,0
Praça Thiago Pepeta,0,10,1,3,34.0,sintetica,59,0
Praça Do Campo Santo,0,0,0,2,24.0,sintetica,53,0
Praça Mercado Municipal Da Ur-5,4,20,1,6,59.0,sintetica,63,0
Av Manoel Gonsalves Da Luz,4,9,0,10,37.0,sintetica,33,0
Macaxeira,5,0,0,12,40.0,sintetica,36,0
Aritana,6,21,1,10,98.0,sintetica,61,1
Praça Da Vila Teimosinho,6,6,0,9,22.0,sintetica,14,0
Travessa Tiradentes,0,13,0,4,65.0,sintetica,28,0
Praça  Zeca Barbosa,5,4,1,11,98.0,sintetica,18,1
Praça Alice De Albuquerque,0,16,0,2,72.0,sintetica,34,0
Praça Estação Macaco,4,21,0,13,39.0,sintetica,76,1
Praça  Zeca Barbosa,3,20,1,1,78.0,sintetica,56,0
Praça Do Cacique - Invadida Por Moradores E Comerciantes Da Área,1,5,0,12,40.0,sintetica,54,0
Praça Do Heróis Da Restauração,1,15,0,1,70.0,sintetica,22,0
Praca Mauriceia,0,10,0,4,44.0,sintetica,46,0
Praça Camilo Pereira Carneiro,6,9,0,12,87.0,sintetica,11,0
Praça Sitio Grande,4,14,0,12,29.0,sintetica,49,0
Praça Da Biblia,2,6,0,7,86.0,sintetica,23,0
Praça Quartel General,2,22,0,7,28.0,sintetica,40,0
Praça Da Rua Arquiteto Luiz Nunes,1,1,0,13,48.0,sintetica,15,0
Pracinha Das Crianças,3,11,1,11,56.0,sintetica,34,1
Praça José Cicílio,1,18,0,4,90.0,sintetica,48,0
Praça Tobias Vitorino Da Silva,0,11,0,12,57.0,sintetica,55,0
Praça Do Terminal Da Guabiraba,3,15,0,1,91.0,sintetica,40,0
Praça De Dona Vilma,2,5,0,12,78.0,sintetica,47,0
Praça Do Cajueiro,6,2,1,3,76.0,sintetica,25,0
Praça Dom Bosco,4,1,0,6,79.0,sintetica,36,0
Praça Do Terço,4,19,0,13,47.0,sintetica,90,1
Arnaldo Assunção,0,4,0,5,47.0,sintetica,13,0
Praça Marcantônio Vilaça,1,10,0,9,65.0,sintetica,48,0
Praça Dr Lula Cabral De Melo,0,2,0,6,90.0,sintetica,25,0
Praça São Braz,4,2,0,4,86.0,sintetica,45,0
General Carlos Pinto,2,21,0,1,74.0,sintetica,16,0
Praça Prof João Borba Maranhão,4,4,0,7,57.0,sintetica,30,0
Praça Da Feb,3,21,0,13,37.0,sintetica,11,0
Praça Cidade Do Porto,6,22,0,11,95.0,sintetica,74,0
Não Temos Nome,6,10,1,1,82.0,sintetica,51,0
José Mora De Silveira,5,2,0,11,24.0,sintetica,36,0
Praça Dalva De Oliveira,4,12,0,7,63.0,sintetica,11,0
Praça Rita Coelho Em Cavaleiro,4,20,1,14,48.0,sintetica,73,1
Praça João Vinte E Três,6,7,0,6,33.0,sintetica,13,0
Praça São Francisco/Amante Das Flores,5,19,0,2,77.0,sintetica,78,0
Praça Do Jordão,3,9,0,12,63.0,sintetica,10,0
Praça Campo De Pelada Carlos Rios,1,1,1,3,37.0,sintetica,47,0
Praça Das Cinco Pontas,4,3,0,12,26.0,sintetica,21,0
Praça Campo Santo,6,17,0,6,81.0,sintetica,36,0
Praça Da Rua José Augusto De Barros,0,18,0,3,64.0,sintetica,23,0
Praça Da Rua Clotilde De Machado I E Ii,4,3,0,8,35.0,sintetica,24,0
Praça Dona Carminha & Sr João,0,19,1,6,83.0,sintetica,33,0
Praça Márcio Codonga,3,8,0,0,56.0,sintetica,27,0
Praça Do Largo Da Ponte Do Motocolombo,4,15,0,0,44.0,sintetica,26,0
Largo Da Paz,6,5,0,14,28.0,sintetica,18,0
Praça Solange Pinto Melo,3,3,0,3,74.0,sintetica,56,0
Praça Da Rua Água Preta,3,8,1,13,47.0,sintetica,27,1
Praça Filonila Ferreira,1,12,0,13,28.0,sintetica,27,0
Praça Castro Alves,4,8,0,12,31.0,sintetica,14,0
Praça Noel Rodrigues,0,5,0,8,37.0,sintetica,57,0
Praça Alice De Albuquerque,0,20,0,12,75.0,sintetica,18,0
Arlindo Gouveia,4,18,0,3,93.0,sintetica,70,0
Praça De Boa Viagem,5,13,0,12,77.0,sintetica,53,0
Tertuliano Feitosa,1,20,1,4,70.0,sintetica,55,0
Praca Arlindo Araujo Filho,1,14,0,0,51.0,sintetica,10,0
Praça Da Travessa José Leite,1,2,0,14,67.0,sintetica,50,0
Praça  Da Entrada Da Ur 2,0,4,0,13,27.0,sintetica,18,1
Praça Odon De Alencar,3,20,1,1,49.0,sintetica,41,0
Praça Industrial Miguel Santos,6,17,0,10,45.0,sintetica,29,0
Praça Jenner De Souza,5,13,0,3,43.0,sintetica,22,0
Praça Avenida Professor José Dos Anjos,1,15,0,11,46.0,sintetica,49,0
Praça Da Rua José Rodrigues,0,13,0,3,98.0,sintetica,20,0
Praça Da Feb,0,8,1,10,94.0,sintetica,55,1
Praça Abelardo Rijo,3,14,0,9,58.0,sintetica,57,0
José Vilela,4,6,1,5,85.0,sintetica,52,0
Praça Cordilandia,4,13,1,12,70.0,sintetica,51,1
Praça Sargento Max Wolf Filho,6,5,0,5,92.0,sintetica,35,0
Parque Dona Lindu,6,20,0,7,69.0,sintetica,83,0
Praça Do Caxito,1,14,0,11,64.0,sintetica,20,0
Praça Thyago Fausto,6,19,0,12,52.0,sintetica,81,1
Praça Da Rua Itacambira,1,7,1,8,38.0,sintetica,49,0
Travessa Tiradentes,5,1,0,13,32.0,sintetica,34,0
Eudoro Correia,6,7,0,0,97.0,sintetica,29,0
Praça Salgueiro,3,0,0,0,41.0,sintetica,51,0
Praça Da Rua Joaquim De Brito,1,16,1,14,39.0,sintetica,58,1
Praça Aúreo Xavier,3,18,0,5,24.0,sintetica,20,0
Praça Memorial Arco Verde,0,4,0,3,97.0,sintetica,53,0
Praça Do Iml,1,21,0,10,51.0,sintetica,19,0
Praça Jornalista Antônio Teixeira Junior,0,19,0,3,49.0,sintetica,58,0
Praça  Dos Brôtos,2,15,0,0,45.0,sintetica,12,0
Praça Doutor Pedro Alves Neto,3,6,0,8,23.0,sintetica,48,0
Praça Bomba Do Hemetério,2,6,0,11,86.0,sintetica,36,0
Praça Ministro João Gonçalves De Souza,1,17,0,10,62.0,sintetica,44,0
Praça Da Rua Quintino Bocaiuva,0,17,0,2,49.0,sintetica,58,0
Academia Da Cidade,1,1,0,14,35.0,sintetica,49,0
Parque Do Forte Do Arraial Novo Do Bom Jesus,2,14,0,4,90.0,sintetica,40,1
Praça Joaquim Nabuco,1,13,0,9,58.0,sintetica,30,1
Praça Castro Alves,5,17,0,0,60.0,sintetica,31,0
Praça Thiago Pepeta,4,8,0,7,50.0,sintetica,28,0
Praça Do Trabalho,2,13,0,2,68.0,sintetica,23,0
Praça Artur Lima Cavalcanti,1,4,0,13,32.0,sintetica,46,0
Praça Ascenço Ferreira,0,10,0,14,60.0,sintetica,54,0
Praça Das Cinco Pontas,1,7,0,0,47.0,sintetica,59,0
Praça De Boa Viagem,0,4,0,9,83.0,sintetica,32,0
Praça Do Terminal Da Guabiraba,4,10,0,5,38.0,sintetica,35,1
